timestamp,high,open,low,volume,close,vwap,returns
2019-01-01 00:00:00+00:00,3870.0,3693.0,3630.5,902868031.0,3824.0,3716.0907000000007,0.03547251556999731
2019-01-02 00:00:00+00:00,3918.0,3824.0,3762.0,1074586398.0,3888.0,3831.8581,0.01673640167364021
2019-01-03 00:00:00+00:00,3891.0,3888.0,3748.0,880837736.0,3784.0,3822.4839,-0.026748971193415683
2019-01-04 00:00:00+00:00,3850.0,3784.0,3721.5,907202598.0,3817.0,3784.5816,0.008720930232558155
2019-01-05 00:00:00+00:00,3879.0,3817.0,3767.0,742213108.0,3794.5,3829.2169,-0.005894681687188874
2019-01-06 00:00:00+00:00,4082.0,3794.5,3750.0,1072137901.0,4039.0,3924.8008,0.06443536697852159
2019-01-07 00:00:00+00:00,4074.0,4039.0,3970.0,950704483.0,4005.0,4018.0006,-0.008417925229017076
2019-01-08 00:00:00+00:00,4130.0,4005.0,3937.0,1297065278.0,3995.5,4015.5805,-0.0023720349563046694
2019-01-09 00:00:00+00:00,4045.0,3995.5,3959.5,900335908.0,4001.0,4007.6948,0.0013765486171943841
2019-01-10 00:00:00+00:00,4036.0,4001.0,3512.0,1648035760.0,3622.0,3756.574,-0.09472631842039492
2019-01-11 00:00:00+00:00,3698.0,3622.0,3561.5,1011606061.0,3631.5,3632.401,0.0026228602981777094
2019-01-12 00:00:00+00:00,3652.0,3631.5,3550.0,545041398.0,3613.0,3620.6959,-0.005094313644499526
2019-01-13 00:00:00+00:00,3638.0,3613.0,3479.0,800495107.0,3513.0,3553.4077,-0.02767783005812341
2019-01-14 00:00:00+00:00,3718.0,3513.0,3506.5,938603871.0,3663.0,3603.3439,0.04269854824935959
2019-01-15 00:00:00+00:00,3684.0,3663.0,3535.0,822695898.0,3574.5,3626.6048,-0.024160524160524166
2019-01-16 00:00:00+00:00,3664.0,3574.5,3568.0,860220650.0,3607.5,3605.6826,0.009232060428031819
2019-01-17 00:00:00+00:00,3660.0,3607.5,3540.0,943447538.0,3637.0,3603.4737,0.008177408177408196
2019-01-18 00:00:00+00:00,3639.5,3637.0,3571.5,656428321.0,3606.0,3610.6297000000004,-0.008523508386032441
2019-01-19 00:00:00+00:00,3784.5,3606.0,3605.0,745711298.0,3681.5,3694.3993,0.02093732667775927
2019-01-20 00:00:00+00:00,3700.0,3681.5,3450.0,1016540362.0,3535.0,3570.281,-0.03979356240662768
2019-01-21 00:00:00+00:00,3575.0,3535.0,3474.5,763124348.0,3529.5,3531.8217,-0.0015558698727015097
2019-01-22 00:00:00+00:00,3608.5,3529.5,3405.0,1148206703.0,3578.0,3541.4527,0.013741323133588335
2019-01-23 00:00:00+00:00,3617.5,3578.0,3522.0,904277332.0,3551.0,3563.9189,-0.007546115148127419
2019-01-24 00:00:00+00:00,3590.0,3551.0,3526.5,721324540.0,3568.0,3555.5556000000006,0.004787383835539227
2019-01-25 00:00:00+00:00,3577.0,3568.0,3501.0,770190679.0,3560.5,3548.7420000000006,-0.002102017937219758
2019-01-26 00:00:00+00:00,3672.5,3560.5,3530.0,824768395.0,3554.5,3583.844,-0.0016851565791321521
2019-01-27 00:00:00+00:00,3558.5,3554.5,3462.5,791531675.0,3527.5,3533.0695,-0.007596005064003375
2019-01-28 00:00:00+00:00,3530.0,3527.5,3370.0,1600983915.0,3428.0,3436.5442,-0.02820694542877389
2019-01-29 00:00:00+00:00,3435.5,3428.0,3343.0,995168687.0,3391.0,3391.21,-0.010793465577596306
2019-01-30 00:00:00+00:00,3460.0,3391.0,3372.5,930964392.0,3434.0,3422.6649,0.012680625184311456
2019-01-31 00:00:00+00:00,3473.0,3434.0,3392.5,743028351.0,3413.5,3422.3135,-0.005969714618520694
2019-02-01 00:00:00+00:00,3460.0,3413.5,3374.5,879858333.0,3435.5,3417.1679000000004,0.006444997802841579
2019-02-02 00:00:00+00:00,3484.5,3435.5,3414.0,728919652.0,3464.0,3436.8985,0.008295735700771356
2019-02-03 00:00:00+00:00,3470.5,3464.0,3382.5,763280076.0,3414.0,3420.6746,-0.01443418013856812
2019-02-04 00:00:00+00:00,3435.0,3414.0,3394.0,554983495.0,3406.5,3412.387,-0.002196836555360293
2019-02-05 00:00:00+00:00,3430.0,3406.5,3396.0,435570729.0,3428.5,3416.5841,0.0064582415969469675
2019-02-06 00:00:00+00:00,3446.0,3428.5,3330.0,929931861.0,3365.5,3375.2996000000003,-0.01837538282047546
2019-02-07 00:00:00+00:00,3378.5,3365.5,3350.5,333273271.0,3357.0,3364.6242999999995,-0.0025256276927647647
2019-02-08 00:00:00+00:00,3728.0,3357.0,3341.0,1755549256.0,3626.0,3497.7265,0.08013106940720882
2019-02-09 00:00:00+00:00,3642.5,3626.0,3595.0,664676512.0,3626.0,3618.5996,0.0
2019-02-10 00:00:00+00:00,3660.0,3626.0,3575.0,732314688.0,3648.0,3612.9777999999997,0.006067291781577389
2019-02-11 00:00:00+00:00,3652.5,3648.0,3575.5,744728832.0,3591.0,3599.1938,-0.015625
2019-02-12 00:00:00+00:00,3618.0,3591.0,3550.0,870328982.0,3587.5,3580.3795,-0.0009746588693957392
2019-02-13 00:00:00+00:00,3632.0,3587.5,3562.5,649214457.0,3577.0,3585.6430999999993,-0.0029268292682926855
2019-02-14 00:00:00+00:00,3590.0,3577.0,3533.0,591406772.0,3560.0,3567.7334,-0.00475258596589323
2019-02-15 00:00:00+00:00,3615.0,3560.0,3536.5,728403854.0,3565.0,3573.4706,0.001404494382022392
2019-02-16 00:00:00+00:00,3609.5,3565.0,3564.0,627259315.0,3579.5,3587.7014,0.0040673211781205865
2019-02-17 00:00:00+00:00,3680.0,3579.5,3553.0,1019233948.0,3623.5,3595.6995,0.012292219583740716
2019-02-18 00:00:00+00:00,3919.0,3623.5,3615.0,2873418963.0,3867.5,3757.2797,0.0673382089140333
2019-02-19 00:00:00+00:00,3972.0,3867.5,3838.0,2058087199.0,3888.0,3908.0819,0.005300581771169988
2019-02-20 00:00:00+00:00,3958.0,3888.0,3868.5,1248217490.0,3938.5,3913.4348000000005,0.012988683127572065
2019-02-21 00:00:00+00:00,3995.0,3938.5,3863.0,1211912456.0,3897.5,3913.5879999999997,-0.010410054589310658
2019-02-22 00:00:00+00:00,3957.0,3897.5,3886.5,1028224433.0,3938.5,3924.8008,0.010519563822963374
2019-02-23 00:00:00+00:00,4157.5,3938.5,3906.5,1754842139.0,4111.5,4027.2240000000006,0.043925352291481534
2019-02-24 00:00:00+00:00,4190.0,4111.5,3702.0,2458966881.0,3733.5,3925.5712000000003,-0.09193724917913171
2019-02-25 00:00:00+00:00,3854.5,3733.5,3730.0,1181271511.0,3818.0,3794.9224,0.022632918173295824
2019-02-26 00:00:00+00:00,3826.0,3818.0,3750.0,868952398.0,3797.0,3793.3388999999997,-0.005500261917234184
2019-02-27 00:00:00+00:00,3821.5,3797.0,3640.0,1160849783.0,3798.0,3772.3037,0.00026336581511721135
2019-02-28 00:00:00+00:00,3895.0,3798.0,3741.0,1171406068.0,3788.0,3814.1735,-0.00263296471827279
2019-03-01 00:00:00+00:00,3839.0,3788.0,3784.5,565492632.0,3802.0,3814.3190000000004,0.0036958817317844783
2019-03-02 00:00:00+00:00,3819.0,3802.0,3754.0,540450028.0,3808.0,3798.0934,0.0015781167806416807
2019-03-03 00:00:00+00:00,3816.5,3808.0,3757.0,504059676.0,3785.5,3794.4903999999997,-0.005908613445378186
2019-03-04 00:00:00+00:00,3804.5,3785.5,3669.0,1237930792.0,3698.5,3720.0997,-0.02298243296790381
2019-03-05 00:00:00+00:00,3880.0,3698.5,3691.0,1424807550.0,3846.5,3789.6013,0.0400162227930243
2019-03-06 00:00:00+00:00,3901.0,3846.5,3810.5,856845523.0,3849.0,3840.6883000000003,0.0006499415052645396
2019-03-07 00:00:00+00:00,3889.0,3849.0,3828.0,1037324028.0,3854.0,3861.1529,0.0012990387113536173
2019-03-08 00:00:00+00:00,3913.5,3854.0,3742.5,1197247739.0,3840.0,3861.0039000000006,-0.0036325895173845435
2019-03-09 00:00:00+00:00,3943.0,3840.0,3831.5,1263671482.0,3916.0,3897.1161,0.019791666666666652
2019-03-10 00:00:00+00:00,3916.0,3916.0,3860.0,583852214.0,3897.5,3888.3272,-0.004724208375893824
2019-03-11 00:00:00+00:00,3912.5,3897.5,3806.0,943232476.0,3845.0,3856.2394,-0.01347017318794097
2019-03-12 00:00:00+00:00,3874.0,3845.0,3793.5,975781570.0,3857.5,3838.6242,0.0032509752925877766
2019-03-13 00:00:00+00:00,3872.5,3857.5,3825.0,651939565.0,3849.5,3849.8556,-0.002073882047958553
2019-03-14 00:00:00+00:00,3906.0,3849.5,3750.0,835215034.0,3855.0,3844.2316999999994,0.0014287569814261936
2019-03-15 00:00:00+00:00,3903.5,3855.0,3840.5,754035503.0,3897.0,3876.7203,0.010894941634241206
2019-03-16 00:00:00+00:00,4038.0,3897.0,3896.0,1344503429.0,3986.0,3978.3577000000005,0.02283808057480119
2019-03-17 00:00:00+00:00,3987.5,3986.0,3926.0,680719566.0,3962.0,3959.2984,-0.006021073758153528
2019-03-18 00:00:00+00:00,4014.5,3962.0,3928.0,976963412.0,3969.0,3971.8791,0.0017667844522968323
2019-03-19 00:00:00+00:00,4012.0,3969.0,3945.0,869685179.0,3997.0,3976.3012,0.007054673721340388
2019-03-20 00:00:00+00:00,4048.5,3997.0,3952.5,1114612306.0,4029.5,3997.7612999999997,0.008131098323742814
2019-03-21 00:00:00+00:00,4067.5,4029.5,3914.5,1446482112.0,3969.0,3997.2818,-0.01501426976051623
2019-03-22 00:00:00+00:00,3999.0,3969.0,3958.0,596252650.0,3981.0,3979.466,0.003023431594860071
2019-03-23 00:00:00+00:00,3999.0,3981.0,3952.0,575838849.0,3979.5,3978.0412000000006,-0.00037678975131871795
2019-03-24 00:00:00+00:00,3979.5,3979.5,3937.0,460394105.0,3966.5,3963.3784,-0.0032667420530216873
2019-03-25 00:00:00+00:00,3972.5,3966.5,3859.5,1049445895.0,3903.5,3921.1073,-0.01588302029497035
2019-03-26 00:00:00+00:00,3920.0,3903.5,3881.5,628735149.0,3915.5,3902.5912999999996,0.0030741642116050016
2019-03-27 00:00:00+00:00,4041.0,3915.5,3910.0,1339386470.0,4025.5,3991.5379,0.028093474652024053
2019-03-28 00:00:00+00:00,4026.0,4025.5,3991.0,563612950.0,4009.0,4005.7682999999997,-0.004098869705626673
2019-03-29 00:00:00+00:00,4097.5,4009.0,4002.0,1564265726.0,4086.0,4052.6848999999997,0.01920678473434778
2019-03-30 00:00:00+00:00,4129.0,4086.0,4021.0,1050240961.0,4088.0,4083.1326,0.0004894762604013003
2019-03-31 00:00:00+00:00,4098.0,4088.0,4074.0,404465604.0,4091.0,4085.9688,0.0007338551859099596
2019-04-01 00:00:00+00:00,4144.5,4091.0,4036.5,1194734770.0,4132.5,4117.5986,0.010144219017355072
2019-04-02 00:00:00+00:00,5144.5,4132.5,4128.5,4877433560.0,4897.5,4681.8671,0.1851179673321235
2019-04-03 00:00:00+00:00,5348.5,4897.5,4783.0,5191879310.0,4979.0,5052.5465,0.016641143440530914
2019-04-04 00:00:00+00:00,5085.5,4979.0,4780.0,3228374415.0,4910.0,4960.8096,-0.013858204458726653
2019-04-05 00:00:00+00:00,5073.5,4910.0,4885.0,1992032192.0,5040.0,4987.5312,0.026476578411405383
2019-04-06 00:00:00+00:00,5245.0,5040.0,4890.5,2185695456.0,5043.0,5072.28,0.0005952380952380931
2019-04-07 00:00:00+00:00,5280.0,5043.0,5028.0,2199032130.0,5192.0,5139.5385,0.02954590521514966
2019-04-08 00:00:00+00:00,5341.0,5192.0,5133.0,2648582157.0,5285.5,5241.6396,0.018008474576271194
2019-04-09 00:00:00+00:00,5285.5,5285.5,5140.5,2031776659.0,5184.0,5213.4925,-0.019203481222211716
2019-04-10 00:00:00+00:00,5474.0,5184.0,5109.0,2276551766.0,5321.5,5294.0865,0.026523919753086433
2019-04-11 00:00:00+00:00,5342.5,5321.5,4959.0,2473244609.0,5038.5,5119.2792,-0.05318049422155402
2019-04-12 00:00:00+00:00,5132.0,5038.5,4923.0,1563910560.0,5075.5,5035.7539,0.007343455393470366
2019-04-13 00:00:00+00:00,5117.0,5075.5,5027.5,925759271.0,5066.0,5080.010199999999,-0.001871736774701982
2019-04-14 00:00:00+00:00,5183.5,5066.0,5008.0,985278444.0,5160.0,5090.8721,0.01855507303592585
2019-04-15 00:00:00+00:00,5191.5,5160.0,4942.0,1538220012.0,5024.0,5085.9526,-0.02635658914728678
2019-04-16 00:00:00+00:00,5329.5,5024.0,5013.0,1450183323.0,5202.5,5119.2792,0.03552945859872603
2019-04-17 00:00:00+00:00,5291.0,5202.5,5150.5,1298984546.0,5227.0,5218.9343,0.004709274387313833
2019-04-18 00:00:00+00:00,5318.0,5227.0,5222.0,1343604396.0,5278.5,5266.7615,0.009852687966328766
2019-04-19 00:00:00+00:00,5390.0,5278.5,5155.0,1330864714.0,5287.5,5263.4349,0.0017050298380221207
2019-04-20 00:00:00+00:00,5358.5,5287.5,5250.5,1101158871.0,5320.0,5310.1105,0.00614657210401881
2019-04-21 00:00:00+00:00,5348.0,5320.0,5205.0,1261258028.0,5295.5,5275.9312,-0.004605263157894779
2019-04-22 00:00:00+00:00,5444.0,5295.5,5256.0,1753224027.0,5383.0,5331.343000000001,0.016523463317911435
2019-04-23 00:00:00+00:00,5650.0,5383.0,5365.0,2490883494.0,5529.5,5533.1157,0.027215307449377724
2019-04-24 00:00:00+00:00,5622.5,5529.5,5360.0,2552274532.0,5440.0,5478.8516,-0.016185911926937302
2019-04-25 00:00:00+00:00,5503.5,5440.0,4960.0,2487873376.0,5119.5,5306.7289,-0.05891544117647063
2019-04-26 00:00:00+00:00,5274.5,5119.5,5042.0,2782394111.0,5149.5,5148.5352,0.005859947260474563
2019-04-27 00:00:00+00:00,5221.0,5149.5,5103.0,906388719.0,5161.5,5162.8892,0.002330323332362383
2019-04-28 00:00:00+00:00,5212.5,5161.5,5090.0,1090151542.0,5153.5,5160.4913,-0.0015499370338080132
2019-04-29 00:00:00+00:00,5190.0,5153.5,5060.5,1259511670.0,5141.0,5141.9169,-0.002425536043465626
2019-04-30 00:00:00+00:00,5294.0,5141.0,5124.5,1401021208.0,5264.0,5208.6046,0.023925306360630172
2019-05-01 00:00:00+00:00,5350.0,5264.0,5255.0,1226168918.0,5317.0,5302.2269,0.01006838905775087
2019-05-02 00:00:00+00:00,5418.5,5317.0,5305.5,1550746064.0,5385.0,5363.6559,0.012789166823396592
2019-05-03 00:00:00+00:00,5800.0,5385.0,5355.0,4257938033.0,5657.5,5625.5626,0.05060352831940573
2019-05-04 00:00:00+00:00,5850.0,5657.5,5502.0,3376678956.0,5769.0,5696.0583,0.019708351745470587
2019-05-05 00:00:00+00:00,5783.0,5769.0,5607.5,2130999207.0,5715.5,5715.5921,-0.009273704281504647
2019-05-06 00:00:00+00:00,5755.0,5715.5,5555.5,2434873172.0,5684.5,5649.0792,-0.0054238474324206365
2019-05-07 00:00:00+00:00,5975.0,5684.5,5684.5,3524010933.0,5738.0,5852.4024,0.009411557744744448
2019-05-08 00:00:00+00:00,6000.0,5738.0,5642.0,2348502656.0,5939.0,5835.6676,0.03502962704775192
2019-05-09 00:00:00+00:00,6163.5,5939.0,5928.5,2740351645.0,6140.0,6040.4712,0.03384408149520124
2019-05-10 00:00:00+00:00,6424.0,6140.0,6103.5,4080394057.0,6341.5,6288.9126,0.032817589576547235
2019-05-11 00:00:00+00:00,7471.5,6341.5,6341.5,7857790177.0,7218.0,6855.4192,0.13821651028936377
2019-05-12 00:00:00+00:00,7585.0,7218.0,6771.0,8298233952.0,6975.5,7169.4867,-0.03359656414519252
2019-05-13 00:00:00+00:00,8190.0,6975.5,6863.5,7322163617.0,7827.0,7576.3315,0.12207010250161288
2019-05-14 00:00:00+00:00,8339.0,7827.0,7627.0,6768836755.0,7997.5,8000.6401,0.021783569694646676
2019-05-15 00:00:00+00:00,8325.0,7997.5,7855.5,4860301877.0,8203.5,8058.667100000001,0.02575804939043458
2019-05-16 00:00:00+00:00,8400.0,8203.5,7650.0,4690708835.0,7884.5,8005.7642,-0.03888584140915463
2019-05-17 00:00:00+00:00,7940.0,7884.5,6380.0,5797282171.0,7352.0,7225.9556,-0.067537573720591
2019-05-18 00:00:00+00:00,7490.0,7352.0,7202.0,2603107435.0,7258.5,7326.007300000001,-0.012717627856365654
2019-05-19 00:00:00+00:00,8340.0,7258.5,7245.5,5010585251.0,8206.5,7927.070900000001,0.1306054970035131
2019-05-20 00:00:00+00:00,8206.5,8206.5,7578.5,5221582421.0,8009.5,7910.7666,-0.02400536160360689
2019-05-21 00:00:00+00:00,8126.5,8009.5,7800.0,3285592576.0,7959.0,7956.0824,-0.006305012797303222
2019-05-22 00:00:00+00:00,8057.0,7959.0,7497.5,3386129163.0,7624.0,7843.1373,-0.0420907149139339
2019-05-23 00:00:00+00:00,7984.5,7624.0,7460.0,3402334516.0,7875.5,7705.3475,0.032987932843651535
2019-05-24 00:00:00+00:00,8194.0,7875.5,7801.5,2932142554.0,7997.5,8007.687399999999,0.01549107993143295
2019-05-25 00:00:00+00:00,8173.0,7997.5,7938.5,1826767751.0,8067.0,8054.772500000001,0.008690215692403802
2019-05-26 00:00:00+00:00,8889.0,8067.0,7883.0,3550946328.0,8750.0,8341.675,0.08466592289574804
2019-05-27 00:00:00+00:00,8964.0,8750.0,8659.0,3896581382.0,8779.5,8805.9176,0.0033714285714285808
2019-05-28 00:00:00+00:00,8823.5,8779.5,8561.0,2621698602.0,8721.0,8721.4373,-0.0066632496155817345
2019-05-29 00:00:00+00:00,8777.0,8721.0,8442.0,2868619212.0,8665.5,8636.3244,-0.006363949088407317
2019-05-30 00:00:00+00:00,9111.0,8665.5,7944.0,4862775976.0,8274.5,8577.0649,-0.045121458657896296
2019-05-31 00:00:00+00:00,8579.0,8274.5,8115.0,3025912090.0,8546.0,8347.2454,0.032811650250770485
2019-06-01 00:00:00+00:00,8637.0,8546.0,8456.0,1642093097.0,8555.5,8546.2781,0.0011116311724783667
2019-06-02 00:00:00+00:00,8860.5,8555.5,8549.0,2134326062.0,8738.0,8707.0091,0.02133130734615163
2019-06-03 00:00:00+00:00,8744.5,8738.0,8025.5,3905139797.0,8100.5,8465.2501,-0.07295719844357973
2019-06-04 00:00:00+00:00,8100.5,8100.5,7435.0,5013529082.0,7663.0,7812.5,-0.05400901178939577
2019-06-05 00:00:00+00:00,7931.0,7663.0,7583.5,3279925703.0,7783.0,7756.7483999999995,0.01565966331723878
2019-06-06 00:00:00+00:00,7880.0,7783.0,7448.0,2969028952.0,7805.0,7704.7538,0.0028266735192086223
2019-06-07 00:00:00+00:00,8130.0,7805.0,7764.5,2725467874.0,7996.5,7959.2486,0.02453555413196673
2019-06-08 00:00:00+00:00,8055.5,7996.5,7786.0,1855869071.0,7926.0,7923.9303,-0.008816357156255838
2019-06-09 00:00:00+00:00,7958.0,7926.0,7500.0,2490212260.0,7629.0,7729.7672999999995,-0.03747161241483721
2019-06-10 00:00:00+00:00,8108.0,7629.0,7515.0,2840864492.0,8016.0,7833.9209,0.05072748721981912
2019-06-11 00:00:00+00:00,8059.0,8016.0,7704.5,2259291147.0,7917.5,7864.1082,-0.01228792415169666
2019-06-12 00:00:00+00:00,8273.0,7917.5,7816.0,2810073967.0,8176.5,8046.9944000000005,0.032712346068834774
2019-06-13 00:00:00+00:00,8336.5,8176.5,8047.5,2218764077.0,8234.0,8185.985600000001,0.007032348804500765
2019-06-14 00:00:00+00:00,8743.0,8234.0,8178.5,3216324015.0,8695.0,8401.2434,0.05598736944376981
2019-06-15 00:00:00+00:00,8929.0,8695.0,8633.5,2663636197.0,8859.5,8755.8007,0.018918918918918948
2019-06-16 00:00:00+00:00,9442.0,8859.5,8794.0,5909192014.0,8974.5,9123.2552,0.012980416502059944
2019-06-17 00:00:00+00:00,9496.0,8974.5,8974.5,4612766979.0,9347.5,9266.1231,0.04156220402250832
2019-06-18 00:00:00+00:00,9364.5,9347.5,8931.0,3970490506.0,9085.5,9130.7524,-0.02802888472853704
2019-06-19 00:00:00+00:00,9329.5,9085.5,9045.0,2369675840.0,9287.5,9155.8323,0.022233228771118885
2019-06-20 00:00:00+00:00,9617.5,9287.5,9220.5,3404805996.0,9532.0,9399.3796,0.026325706594885645
2019-06-21 00:00:00+00:00,10287.5,9532.0,9532.0,4982086264.0,10279.5,9836.7106,0.07842005874947544
2019-06-22 00:00:00+00:00,11231.5,10279.5,10111.5,8690081969.0,10692.0,10742.2924,0.0401284109149278
2019-06-23 00:00:00+00:00,11286.5,10692.0,10481.0,4821767323.0,10841.5,10809.6422,0.013982416760194516
2019-06-24 00:00:00+00:00,11110.0,10841.5,10540.0,4046754884.0,11045.0,10850.6944,0.018770465341511722
2019-06-25 00:00:00+00:00,11797.5,11045.0,10996.0,6030877932.0,11760.5,11350.7378,0.06478044363965596
2019-06-26 00:00:00+00:00,13920.0,11760.5,11633.0,13622106362.0,12930.0,12679.0922,0.09944305089069339
2019-06-27 00:00:00+00:00,13333.0,12930.0,10300.0,11918759557.0,11156.5,11709.6019,-0.13716163959783445
2019-06-28 00:00:00+00:00,12465.0,11156.5,10741.0,7632010874.0,12374.5,11660.4478,0.10917402411150445
2019-06-29 00:00:00+00:00,12393.5,12374.5,11350.0,6183781738.0,11870.0,11828.7201,-0.04076932401309141
2019-06-30 00:00:00+00:00,12227.5,11870.0,10659.0,5853037670.0,10761.0,11385.6313,-0.09342881213142373
2019-07-01 00:00:00+00:00,11220.0,10761.0,9950.0,6402816721.0,10570.5,10598.8341,-0.017702815723445786
2019-07-02 00:00:00+00:00,10924.0,10570.5,9650.0,6728492232.0,10840.0,10232.2726,0.025495482711319184
2019-07-03 00:00:00+00:00,12028.5,10840.0,10840.0,7359228593.0,11983.5,11339.154099999998,0.10548892988929892
2019-07-04 00:00:00+00:00,12070.0,11983.5,11042.5,5113462968.0,11143.0,11701.3808,-0.07013810656319108
2019-07-05 00:00:00+00:00,11439.0,11143.0,10755.0,4884327016.0,10991.0,11118.5235,-0.013640850758323664
2019-07-06 00:00:00+00:00,11747.0,10991.0,10952.0,4233836613.0,11234.0,11412.9194,0.022108998271312963
2019-07-07 00:00:00+00:00,11650.0,11234.0,11070.0,3337511399.0,11475.5,11334.013399999998,0.021497240519850358
2019-07-08 00:00:00+00:00,12387.0,11475.5,11321.5,4103506231.0,12290.0,11904.7619,0.0709772994640756
2019-07-09 00:00:00+00:00,12840.0,12290.0,12105.0,5990811853.0,12563.5,12520.345600000002,0.02225386493083814
2019-07-10 00:00:00+00:00,13272.0,12563.5,11530.0,8520368140.0,12090.0,12515.6446,-0.03768854220559559
2019-07-11 00:00:00+00:00,12094.5,12090.0,10927.5,7239763340.0,11336.5,11534.0254,-0.06232423490488004
2019-07-12 00:00:00+00:00,11943.5,11336.5,11085.0,4443917659.0,11804.0,11564.7045,0.04123847748423226
2019-07-13 00:00:00+00:00,11842.5,11804.0,10800.0,4678483104.0,11370.5,11327.594,-0.036724839037614365
2019-07-14 00:00:00+00:00,11468.5,11370.5,10071.0,5522316256.0,10185.5,10715.8165,-0.10421705290004835
2019-07-15 00:00:00+00:00,11069.0,10185.5,9850.0,5652905693.0,10857.0,10390.6899,0.0659270531638112
2019-07-16 00:00:00+00:00,11036.0,10857.0,9351.5,6461953944.0,9417.0,10179.1531,-0.1326333241226858
2019-07-17 00:00:00+00:00,9980.0,9417.0,9080.0,5431626185.0,9695.5,9541.0743,0.02957417436550913
2019-07-18 00:00:00+00:00,10802.5,9695.5,9268.0,5561915298.0,10646.5,10032.1027,0.0980867412717239
2019-07-19 00:00:00+00:00,10776.0,10646.5,10101.0,4171814081.0,10523.0,10452.5975,-0.011600056356549149
2019-07-20 00:00:00+00:00,11132.0,10523.0,10352.5,3317358948.0,10760.0,10708.9312,0.022522094459754838
2019-07-21 00:00:00+00:00,10827.5,10760.0,10324.5,2703833896.0,10591.5,10556.318000000001,-0.015659851301115246
2019-07-22 00:00:00+00:00,10685.0,10591.5,10057.0,3129671215.0,10320.5,10390.6899,-0.025586555256573718
2019-07-23 00:00:00+00:00,10320.5,10320.5,9803.0,3483479222.0,9844.0,10035.1229,-0.04617024368974376
2019-07-24 00:00:00+00:00,9920.0,9844.0,9489.5,3473045950.0,9773.0,9697.4399,-0.007212515237708272
2019-07-25 00:00:00+00:00,10185.0,9773.0,9740.0,2410973560.0,9871.5,10016.0256,0.010078788498925517
2019-07-26 00:00:00+00:00,9900.0,9871.5,9606.5,2018508690.0,9845.5,9769.4412,-0.002633844907055649
2019-07-27 00:00:00+00:00,10300.0,9845.5,9258.0,2938517010.0,9463.5,9654.3734,-0.03879945152607789
2019-07-28 00:00:00+00:00,9748.0,9463.5,9100.0,2109224537.0,9530.5,9453.5829,0.007079833042743067
2019-07-29 00:00:00+00:00,9734.0,9530.5,9339.5,2207241220.0,9502.5,9533.7973,-0.002937936099889793
2019-07-30 00:00:00+00:00,9885.0,9502.5,9375.5,2294653128.0,9592.5,9561.1435,0.009471191791633693
2019-07-31 00:00:00+00:00,10146.0,9592.5,9575.0,2646525279.0,10088.5,9887.285,0.05170706280948667
2019-08-01 00:00:00+00:00,10499.0,10088.5,9885.0,2728317073.0,10415.5,10141.9878,0.03241314367844583
2019-08-02 00:00:00+00:00,10664.0,10415.5,10325.0,2769210533.0,10528.0,10493.1794,0.010801209735490369
2019-08-03 00:00:00+00:00,10926.0,10528.0,10514.0,2571478309.0,10819.5,10779.3468,0.027688069908814672
2019-08-04 00:00:00+00:00,11095.0,10819.5,10570.0,3154544816.0,10982.0,10843.6348,0.015019178335412997
2019-08-05 00:00:00+00:00,11971.0,10982.0,10982.0,5082486227.0,11814.5,11655.0117,0.07580586414132218
2019-08-06 00:00:00+00:00,12340.0,11814.5,11220.5,5716377385.0,11467.0,11784.115,-0.029413009437555537
2019-08-07 00:00:00+00:00,12170.0,11467.0,11386.0,5276244947.0,11987.5,11756.4072,0.04539112235109455
2019-08-08 00:00:00+00:00,12147.0,11987.5,11438.5,4296333405.0,12020.0,11800.8025,0.0027111574556830664
2019-08-09 00:00:00+00:00,12080.5,12020.0,11651.0,3230126803.0,11874.0,11830.1195,-0.012146422628951714
2019-08-10 00:00:00+00:00,12000.0,11874.0,11122.0,3027196264.0,11280.0,11500.8626,-0.05002526528549778
2019-08-11 00:00:00+00:00,11596.5,11280.0,11072.5,2097017864.0,11531.5,11366.2196,0.022296099290780136
2019-08-12 00:00:00+00:00,11555.0,11531.5,11222.5,1710409465.0,11395.5,11396.011399999998,-0.011793782248623375
2019-08-13 00:00:00+00:00,11458.0,11395.5,10758.5,3094724371.0,10858.5,11066.8437,-0.04712386468342766
2019-08-14 00:00:00+00:00,10862.0,10858.5,9913.0,4998265897.0,10025.0,10404.7446,-0.07676014182437718
2019-08-15 00:00:00+00:00,10438.0,10025.0,9475.5,6162430723.0,10290.5,9949.2588,0.026483790523690764
2019-08-16 00:00:00+00:00,10530.0,10290.5,9725.0,5322247302.0,10350.5,10149.1931,0.005830620475195669
2019-08-17 00:00:00+00:00,10475.5,10350.5,9964.5,2469271372.0,10204.0,10259.567,-0.014153905608424666
2019-08-18 00:00:00+00:00,10520.0,10204.0,10061.0,2132196783.0,10318.0,10317.7879,0.0111720893767151
2019-08-19 00:00:00+00:00,10942.0,10318.0,10268.0,2816151521.0,10925.0,10657.5722,0.05882923047102162
2019-08-20 00:00:00+00:00,10959.5,10925.0,10554.5,2741966202.0,10773.5,10735.3731,-0.013867276887871816
2019-08-21 00:00:00+00:00,10807.0,10773.5,9855.0,4151993497.0,10129.0,10168.8021,-0.05982271313872001
2019-08-22 00:00:00+00:00,10230.0,10129.0,9744.0,3203858195.0,10104.5,10001.0001,-0.002418797512093951
2019-08-23 00:00:00+00:00,10463.0,10104.5,10042.0,2333731786.0,10401.5,10258.5146,0.02939284477213122
2019-08-24 00:00:00+00:00,10423.5,10401.5,9850.0,2605988158.0,10136.0,10097.9501,-0.025525164639715436
2019-08-25 00:00:00+00:00,10369.0,10136.0,9875.0,2557057170.0,10135.5,10099.9899,-4.932912391475419e-05
2019-08-26 00:00:00+00:00,10805.0,10135.5,10137.0,3095112179.0,10369.0,10382.0598,0.02303783730452369
2019-08-27 00:00:00+00:00,10384.0,10369.0,10025.0,2440006950.0,10176.0,10163.6345,-0.01861317388369177
2019-08-28 00:00:00+00:00,10315.0,10176.0,9497.5,3514832496.0,9701.5,9967.1085,-0.04662932389937102
2019-08-29 00:00:00+00:00,9702.0,9701.5,9321.0,2455401317.0,9491.5,9493.9713,-0.02164613719527908
2019-08-30 00:00:00+00:00,9690.0,9491.5,9341.5,1921000276.0,9574.0,9531.9798,0.008691987567823745
2019-08-31 00:00:00+00:00,9703.5,9574.0,9434.5,1385068208.0,9602.5,9582.2154,0.002976812199707579
2019-09-01 00:00:00+00:00,9844.0,9602.5,9531.0,1378560767.0,9771.5,9661.8357,0.017599583441812117
2019-09-02 00:00:00+00:00,10500.0,9771.5,9745.5,3287239990.0,10391.0,10080.6452,0.063398659366525
2019-09-03 00:00:00+00:00,10783.0,10391.0,10300.0,3730362374.0,10630.0,10557.4324,0.023000673659897997
2019-09-04 00:00:00+00:00,10879.0,10630.0,10380.5,3667564531.0,10580.5,10576.4146,-0.004656632173094977
2019-09-05 00:00:00+00:00,10683.0,10580.5,10454.0,2406367926.0,10586.0,10570.8245,0.0005198242049051505
2019-09-06 00:00:00+00:00,10968.0,10586.0,10205.0,4202998455.0,10310.5,10628.122,-0.026024938598148473
2019-09-07 00:00:00+00:00,10576.0,10310.5,10308.0,1719270081.0,10492.5,10442.773600000002,0.017651908248872417
2019-09-08 00:00:00+00:00,10599.0,10492.5,10252.5,1834957860.0,10402.0,10437.3239,-0.008625208482249236
2019-09-09 00:00:00+00:00,10571.0,10402.0,10090.0,3563034952.0,10318.0,10292.3014,-0.008075370121130576
2019-09-10 00:00:00+00:00,10394.0,10318.0,9892.0,2461539814.0,10102.5,10171.9052,-0.020885830587323073
2019-09-11 00:00:00+00:00,10280.0,10102.5,9850.0,2768292719.0,10166.0,10058.3384,0.006285572878000467
2019-09-12 00:00:00+00:00,10469.5,10166.0,10032.0,2461241420.0,10433.5,10255.3584,0.026313200865630604
2019-09-13 00:00:00+00:00,10458.5,10433.5,10161.5,1974996040.0,10370.0,10310.3413,-0.006086164757751478
2019-09-14 00:00:00+00:00,10447.5,10370.0,10221.0,1692697317.0,10364.0,10354.1106,-0.0005785920925747146
2019-09-15 00:00:00+00:00,10387.0,10364.0,10260.0,1114698246.0,10314.0,10317.7879,-0.004824392126592025
2019-09-16 00:00:00+00:00,10391.5,10314.0,10066.0,2217227507.0,10268.0,10236.4623,-0.004459957339538523
2019-09-17 00:00:00+00:00,10284.0,10268.0,10137.5,1862503320.0,10184.5,10217.6356,-0.008132060771328442
2019-09-18 00:00:00+00:00,10262.5,10184.5,10075.0,1517895773.0,10163.0,10190.5635,-0.0021110511070744353
2019-09-19 00:00:00+00:00,10442.0,10163.0,9567.0,3368765552.0,10282.5,9980.0399,0.011758339073108415
2019-09-20 00:00:00+00:00,10319.5,10282.5,10061.0,1608962567.0,10175.5,10176.0456,-0.010406029662047178
2019-09-21 00:00:00+00:00,10176.0,10175.5,9902.5,1585453842.0,9975.5,10023.053,-0.019655053805709755
2019-09-22 00:00:00+00:00,10100.0,9975.5,9840.5,1698994877.0,10026.0,9977.0528,0.005062402887073381
2019-09-23 00:00:00+00:00,10049.5,10026.0,9603.5,2783512865.0,9686.0,9829.942,-0.03391182924396574
2019-09-24 00:00:00+00:00,9779.5,9686.0,8012.0,6725380596.0,8533.5,8958.9679,-0.11898616559983477
2019-09-25 00:00:00+00:00,8748.0,8533.5,8215.0,4045724084.0,8430.0,8426.0195,-0.01212866936192647
2019-09-26 00:00:00+00:00,8466.0,8430.0,7736.0,4010130760.0,8054.0,8112.2739,-0.0446026097271649
2019-09-27 00:00:00+00:00,8265.0,8054.0,7860.0,2456542220.0,8189.0,8032.7737,0.016761857462130658
2019-09-28 00:00:00+00:00,8400.0,8189.0,8015.0,1727544035.0,8207.0,8159.9347,0.002198070582488665
2019-09-29 00:00:00+00:00,8238.5,8207.0,7900.0,1822807833.0,8054.0,8042.464200000001,-0.018642622151821664
2019-09-30 00:00:00+00:00,8344.5,8054.0,7688.0,3373793628.0,8299.5,8032.128500000001,0.030481748199652436
2019-10-01 00:00:00+00:00,8532.0,8299.5,8200.0,2754664272.0,8314.0,8369.6016,0.0017470931983853966
2019-10-02 00:00:00+00:00,8386.0,8314.0,8173.0,1537659900.0,8377.5,8258.3203,0.007637719509261398
2019-10-03 00:00:00+00:00,8420.5,8377.5,8070.0,1946444699.0,8240.5,8216.2517,-0.016353327364965642
2019-10-04 00:00:00+00:00,8243.0,8240.5,8020.0,1680861122.0,8154.5,8139.345599999999,-0.010436259935683534
2019-10-05 00:00:00+00:00,8200.0,8154.5,8022.0,1247070981.0,8146.5,8101.758099999999,-0.0009810534060947784
2019-10-06 00:00:00+00:00,8172.0,8146.5,7770.0,2177529708.0,7861.0,7953.5513,-0.035045725158043384
2019-10-07 00:00:00+00:00,8307.5,7861.0,7765.0,2790485285.0,8208.0,8059.3166,0.044141966670907085
2019-10-08 00:00:00+00:00,8332.5,8208.0,8095.5,1775864658.0,8180.0,8208.8327,-0.003411306042884976
2019-10-09 00:00:00+00:00,8692.0,8180.0,8111.5,2918198967.0,8587.5,8424.5998,0.049816625916870416
2019-10-10 00:00:00+00:00,8662.5,8587.5,8466.0,1820350604.0,8586.5,8556.5158,-0.0001164483260552851
2019-10-11 00:00:00+00:00,8821.5,8586.5,8222.0,2840802059.0,8266.0,8450.2282,-0.037326035055028295
2019-10-12 00:00:00+00:00,8399.5,8266.0,8252.0,914764702.0,8305.0,8333.3333,0.004718122429228089
2019-10-13 00:00:00+00:00,8466.0,8305.0,8150.0,1600848345.0,8278.0,8345.1556,-0.003251053582179364
2019-10-14 00:00:00+00:00,8406.0,8278.0,8221.0,1383917320.0,8358.0,8307.7179,0.009664170089393576
2019-10-15 00:00:00+00:00,8420.0,8358.0,8076.0,1833941267.0,8156.0,8251.5059,-0.02416846135439099
2019-10-16 00:00:00+00:00,8175.0,8156.0,7912.5,1714484458.0,7995.5,8032.7737,-0.019678764100049095
2019-10-17 00:00:00+00:00,8123.0,7995.5,7937.5,1379848088.0,8070.5,8038.5852,0.009380276405478005
2019-10-18 00:00:00+00:00,8112.0,8070.5,7799.5,2025413894.0,7951.0,7931.4721,-0.014807013196208363
2019-10-19 00:00:00+00:00,8110.0,7951.0,7868.0,1515391394.0,7960.0,7967.4926,0.0011319330901773395
2019-10-20 00:00:00+00:00,8318.0,7960.0,7866.0,2151767217.0,8233.0,8068.4202,0.0342964824120604
2019-10-21 00:00:00+00:00,8357.0,8233.0,8155.5,1615409161.0,8204.5,8228.421,-0.003461678610470087
2019-10-22 00:00:00+00:00,8313.0,8204.5,7981.5,1943310865.0,8019.0,8180.6283,-0.022609543543177568
2019-10-23 00:00:00+00:00,8044.5,8019.0,7298.0,3184348868.0,7468.0,7634.753399999999,-0.06871180945255018
2019-10-24 00:00:00+00:00,7504.5,7468.0,7355.0,1438106601.0,7424.0,7439.9226,-0.005891805034815234
2019-10-25 00:00:00+00:00,8790.0,7424.0,7380.5,5046279493.0,8668.0,8128.0988,0.1675646551724137
2019-10-26 00:00:00+00:00,10584.5,8668.0,8645.0,8255466579.0,9264.5,9416.1959,0.0688163359483156
2019-10-27 00:00:00+00:00,9832.5,9264.5,9105.0,4626756280.0,9556.0,9489.4667,0.03146419126774247
2019-10-28 00:00:00+00:00,9944.0,9556.0,9167.0,3712381533.0,9226.0,9512.0327,-0.03453327752197577
2019-10-29 00:00:00+00:00,9565.5,9226.0,9058.0,3366567658.0,9438.0,9384.3844,0.02297853891177115
2019-10-30 00:00:00+00:00,9438.5,9438.0,8990.0,2909978028.0,9165.0,9181.0503,-0.02892561983471076
2019-10-31 00:00:00+00:00,9440.0,9165.0,8947.0,3047547927.0,9153.5,9172.6289,-0.001254773595199099
2019-11-01 00:00:00+00:00,9316.0,9153.5,9055.0,2196031702.0,9255.5,9170.9464,0.011143278527339318
2019-11-02 00:00:00+00:00,9412.0,9255.5,9212.5,1233087720.0,9313.5,9298.0009,0.0062665442169520524
2019-11-03 00:00:00+00:00,9389.5,9313.5,9065.0,1507073624.0,9205.5,9206.4077,-0.011596070220647459
2019-11-04 00:00:00+00:00,9617.0,9205.5,9135.0,2071601009.0,9426.5,9324.8788,0.024007386888273308
2019-11-05 00:00:00+00:00,9485.0,9426.5,9180.0,2138589698.0,9317.0,9328.3582,-0.011616188405028427
2019-11-06 00:00:00+00:00,9462.0,9317.0,9250.0,1578464842.0,9347.0,9350.1636,0.003219920575292523
2019-11-07 00:00:00+00:00,9377.5,9347.0,9073.5,1704656593.0,9213.0,9222.5399,-0.014336150636567901
2019-11-08 00:00:00+00:00,9254.0,9213.0,8670.0,3279777209.0,8765.0,8932.5592,-0.04862694019320524
2019-11-09 00:00:00+00:00,8880.0,8765.0,8726.0,1143494672.0,8806.0,8806.6931,0.0046776953793497
2019-11-10 00:00:00+00:00,9200.0,8806.0,8757.0,1750868912.0,9038.5,8943.7439,0.026402452873041105
2019-11-11 00:00:00+00:00,9075.0,9038.5,8571.5,2222292847.0,8717.5,8781.1732,-0.035514742490457496
2019-11-12 00:00:00+00:00,8872.5,8717.5,8550.0,2167911140.0,8818.0,8719.9163,0.011528534556925818
2019-11-13 00:00:00+00:00,8847.5,8818.0,8709.5,1080815478.0,8764.0,8758.1012,-0.006123837604899096
2019-11-14 00:00:00+00:00,8794.0,8764.0,8550.5,1697709913.0,8630.5,8649.0227,-0.015232770424463693
2019-11-15 00:00:00+00:00,8795.0,8630.5,8350.0,2682084979.0,8456.0,8557.248,-0.02021899078848266
2019-11-16 00:00:00+00:00,8532.5,8456.0,8420.0,786045873.0,8484.5,8477.45,0.003370387890255344
2019-11-17 00:00:00+00:00,8640.0,8484.5,8380.0,1303273609.0,8506.0,8517.1621,0.002534032647769413
2019-11-18 00:00:00+00:00,8506.5,8506.0,8006.0,2474151019.0,8173.5,8322.237,-0.0390900540794733
2019-11-19 00:00:00+00:00,8198.5,8173.5,7983.5,2020621821.0,8123.0,8093.889100000001,-0.006178503700984939
2019-11-20 00:00:00+00:00,8239.0,8123.0,8026.0,1520604781.0,8080.0,8107.0126,-0.0052936107349501604
2019-11-21 00:00:00+00:00,8117.5,8080.0,7350.0,3216585080.0,7614.0,7756.146700000001,-0.057673267326732724
2019-11-22 00:00:00+00:00,7721.0,7614.0,6736.0,5640533528.0,7275.5,7236.937299999999,-0.044457578145521426
2019-11-23 00:00:00+00:00,7350.0,7275.5,7101.0,1904791671.0,7322.5,7234.843000000001,0.006460037110851413
2019-11-24 00:00:00+00:00,7346.0,7322.5,6858.0,2723772449.0,6902.5,7115.9183,-0.05735745988391938
2019-11-25 00:00:00+00:00,7389.0,6902.5,6516.0,4690779276.0,7124.0,6912.2831,0.03208982252806947
2019-11-26 00:00:00+00:00,7357.0,7124.0,7012.5,2548690727.0,7160.5,7148.9848,0.005123526108927523
2019-11-27 00:00:00+00:00,7667.0,7160.5,6831.0,3562514343.0,7525.0,7247.427199999999,0.05090426646183932
2019-11-28 00:00:00+00:00,7662.5,7525.0,7365.0,2007567886.0,7424.5,7515.9714,-0.013355481727574725
2019-11-29 00:00:00+00:00,7870.0,7424.5,7412.0,2298676734.0,7749.0,7633.0051,0.04370664691225001
2019-11-30 00:00:00+00:00,7821.0,7749.0,7450.0,1580574227.0,7549.5,7625.438499999999,-0.0257452574525745
2019-12-01 00:00:00+00:00,7550.0,7549.5,7225.0,2330800876.0,7399.0,7348.6185,-0.019935095039406603
2019-12-02 00:00:00+00:00,7421.0,7399.0,7160.0,1849164060.0,7300.5,7294.4781,-0.013312609812136778
2019-12-03 00:00:00+00:00,7422.0,7300.5,7237.5,1231391989.0,7294.5,7319.0368,-0.0008218615163344545
2019-12-04 00:00:00+00:00,7800.0,7294.5,7080.5,3113468342.0,7192.5,7319.0368,-0.013983137980670413
2019-12-05 00:00:00+00:00,7480.0,7192.5,7140.0,2243820337.0,7391.5,7329.7662,0.027667709419534336
2019-12-06 00:00:00+00:00,7645.0,7391.5,7289.5,1979172181.0,7538.5,7416.196999999999,0.01988770885476554
2019-12-07 00:00:00+00:00,7640.0,7538.5,7479.0,1010214682.0,7501.5,7535.2272,-0.004908138223784553
2019-12-08 00:00:00+00:00,7579.0,7501.5,7387.5,1093316907.0,7512.5,7488.393,0.001466373391988185
2019-12-09 00:00:00+00:00,7689.0,7512.5,7276.5,2231926258.0,7332.5,7459.3466,-0.023960066555740456
2019-12-10 00:00:00+00:00,7395.0,7332.5,7155.0,1665738486.0,7218.0,7285.9745,-0.01561541084214113
2019-12-11 00:00:00+00:00,7266.5,7218.0,7122.0,1154448620.0,7196.5,7202.0166,-0.002978664449986179
2019-12-12 00:00:00+00:00,7445.0,7196.5,7050.0,1750691296.0,7187.0,7176.6901,-0.0013200861529910624
2019-12-13 00:00:00+00:00,7300.0,7187.0,7182.0,946762102.0,7242.0,7230.1352,0.00765270627521919
2019-12-14 00:00:00+00:00,7263.5,7242.0,6994.0,1255852592.0,7060.5,7129.6164,-0.025062137531068784
2019-12-15 00:00:00+00:00,7202.0,7060.5,7011.5,1291636709.0,7107.5,7092.198599999999,0.00665675235464902
2019-12-16 00:00:00+00:00,7172.0,7107.5,6822.0,1889957764.0,6873.0,6997.9006,-0.03299331691874785
2019-12-17 00:00:00+00:00,6933.0,6873.0,6534.0,2313870075.0,6611.5,6734.0067,-0.03804743198021243
2019-12-18 00:00:00+00:00,7489.5,6611.5,6410.0,4074723768.0,7288.0,6819.8868,0.10232171216819186
2019-12-19 00:00:00+00:00,7371.5,7288.0,7034.0,2234109575.0,7148.5,7152.5642,-0.019141053787047224
2019-12-20 00:00:00+00:00,7222.5,7148.5,7075.0,1276768414.0,7186.5,7145.409100000001,0.005315800517591063
2019-12-21 00:00:00+00:00,7188.0,7186.5,7101.5,605463755.0,7140.0,7144.3881,-0.006470465456063446
2019-12-22 00:00:00+00:00,7534.0,7140.0,7122.0,1784583659.0,7509.5,7307.8047,0.05175070028011208
2019-12-23 00:00:00+00:00,7697.0,7509.5,7264.0,2770807470.0,7312.0,7510.8908,-0.026300019974698663
2019-12-24 00:00:00+00:00,7416.5,7312.0,7155.5,1774793321.0,7249.0,7288.6297,-0.008615973741794347
2019-12-25 00:00:00+00:00,7260.5,7249.0,7111.5,1158502649.0,7194.5,7199.424,-0.007518278383225274
2019-12-26 00:00:00+00:00,7445.0,7194.5,7142.0,1533968997.0,7190.0,7257.9475,-0.0006254777955382318
2019-12-27 00:00:00+00:00,7268.0,7190.0,7060.0,1462208740.0,7242.0,7179.781699999999,0.007232267037552198
2019-12-28 00:00:00+00:00,7347.0,7242.0,7231.0,1191155941.0,7298.0,7296.6071,0.007732670533001862
2019-12-29 00:00:00+00:00,7524.5,7298.0,7272.0,1545732585.0,7381.5,7375.719099999999,0.011441490819402489
2019-12-30 00:00:00+00:00,7382.0,7381.5,7201.0,1263814042.0,7218.5,7290.7553,-0.022082232608548358
2019-12-31 00:00:00+00:00,7298.5,7218.5,7115.0,1097785557.0,7163.0,7201.4979,-0.007688577959409804
2020-01-01 00:00:00+00:00,7234.5,7163.0,7153.0,762775093.0,7179.0,7196.315499999999,0.002233700963283569
2020-01-02 00:00:00+00:00,7183.0,7179.0,6905.5,1471023953.0,6942.0,7050.6945,-0.03301295445048058
2020-01-03 00:00:00+00:00,7412.0,6942.0,6855.0,3050176897.0,7335.0,7217.611,0.05661192739844423
2020-01-04 00:00:00+00:00,7399.0,7335.0,7258.5,1183967641.0,7345.0,7321.7162,0.0013633265167007913
2020-01-05 00:00:00+00:00,7494.0,7345.0,7310.0,1533245110.0,7350.5,7422.2519,0.0007488087134104315
2020-01-06 00:00:00+00:00,7799.0,7350.5,7341.5,2344491871.0,7756.5,7564.296500000001,0.055234337800149635
2020-01-07 00:00:00+00:00,8214.5,7756.5,7740.5,3903802488.0,8155.5,7949.125599999999,0.0514407271320827
2020-01-08 00:00:00+00:00,8462.5,8155.5,7880.0,4906482344.0,8046.0,8230.4527,-0.013426521979032602
2020-01-09 00:00:00+00:00,8046.0,8046.0,7740.5,2634163776.0,7810.5,7887.6794,-0.029269202087993995
2020-01-10 00:00:00+00:00,8204.0,7810.5,7682.0,3782453314.0,8204.0,7932.7304,0.0503808975097626
2020-01-11 00:00:00+00:00,8295.0,8204.0,8006.5,2342781516.0,8023.5,8124.7969,-0.022001462701121355
2020-01-12 00:00:00+00:00,8196.0,8023.5,7955.0,1576712742.0,8187.0,8111.6158,0.020377640680500964
2020-01-13 00:00:00+00:00,8200.0,8187.0,8033.5,1313199511.0,8104.5,8103.7276999999995,-0.010076951264199385
2020-01-14 00:00:00+00:00,8900.0,8104.5,8104.0,5589882784.0,8835.5,8588.1141,0.09019680424455556
2020-01-15 00:00:00+00:00,8916.5,8835.5,8578.0,3523353461.0,8816.5,8759.6356,-0.0021504159357138564
2020-01-16 00:00:00+00:00,8854.0,8816.5,8585.5,2445274789.0,8719.0,8682.8167,-0.011058810185447743
2020-01-17 00:00:00+00:00,9021.0,8719.0,8670.5,3728596348.0,8901.0,8877.8409,0.02087395343502685
2020-01-18 00:00:00+00:00,8984.0,8901.0,8810.0,1836510291.0,8916.5,8899.9644,0.0017413773733288007
2020-01-19 00:00:00+00:00,9190.0,8916.5,8430.0,3742743016.0,8700.5,8818.3422,-0.024224751864520777
2020-01-20 00:00:00+00:00,8739.0,8700.5,8516.0,2016471911.0,8632.5,8637.8164,-0.007815642779150589
2020-01-21 00:00:00+00:00,8772.5,8632.5,8455.0,1797763495.0,8727.5,8643.7894,0.011004923255140353
2020-01-22 00:00:00+00:00,8796.5,8727.5,8552.0,1313340524.0,8664.5,8670.7708,-0.007218562016614194
2020-01-23 00:00:00+00:00,8669.5,8664.5,8283.5,2892720411.0,8392.0,8440.9555,-0.031450170234866404
2020-01-24 00:00:00+00:00,8515.0,8392.0,8223.5,2520283967.0,8425.5,8380.1223,0.0039918970448045155
2020-01-25 00:00:00+00:00,8427.5,8425.5,8251.0,1484100809.0,8326.0,8322.9297,-0.01180938816687438
2020-01-26 00:00:00+00:00,8599.5,8326.0,8286.0,1814758342.0,8597.5,8449.5142,0.032608695652173836
2020-01-27 00:00:00+00:00,8994.5,8597.5,8566.0,3131528831.0,8900.0,8757.3343,0.03518464669962196
2020-01-28 00:00:00+00:00,9434.0,8900.0,8886.0,4571974682.0,9400.0,9076.8812,0.05617977528089879
2020-01-29 00:00:00+00:00,9440.0,9400.0,9235.0,3016724002.0,9294.5,9337.0682,-0.011223404255319203
2020-01-30 00:00:00+00:00,9579.0,9294.5,9052.0,3871834826.0,9510.0,9376.4651,0.023185755016407628
2020-01-31 00:00:00+00:00,9528.0,9510.0,9205.0,2429182170.0,9339.5,9338.8121,-0.017928496319663534
2020-02-01 00:00:00+00:00,9464.0,9339.5,9287.5,1606928169.0,9382.0,9376.4651,0.004550564805396506
2020-02-02 00:00:00+00:00,9483.5,9382.0,9113.0,2558075884.0,9325.0,9363.2959,-0.00607546365380518
2020-02-03 00:00:00+00:00,9619.0,9325.0,9220.0,2901398321.0,9282.0,9357.1629,-0.004611260053619337
2020-02-04 00:00:00+00:00,9348.0,9282.0,9080.0,2851149240.0,9166.0,9200.4784,-0.01249730661495363
2020-02-05 00:00:00+00:00,9779.0,9166.0,9157.0,3835754054.0,9630.0,9476.8764,0.050621863408247814
2020-02-06 00:00:00+00:00,9869.0,9630.0,9530.0,3831983024.0,9763.0,9717.2286,0.013811007268951236
2020-02-07 00:00:00+00:00,9890.0,9763.0,9713.0,2479752042.0,9815.0,9787.6089,0.005326231691078487
2020-02-08 00:00:00+00:00,9957.5,9815.0,9665.5,2628334844.0,9908.0,9827.044,0.009475292919001621
2020-02-09 00:00:00+00:00,10185.5,9908.0,9899.0,2935217599.0,10172.5,10083.6947,0.0266955995155429
2020-02-10 00:00:00+00:00,10199.0,10172.5,9715.5,3654168022.0,9862.5,9923.5884,-0.030474318014254154
2020-02-11 00:00:00+00:00,10400.0,9862.5,9725.0,3819505406.0,10286.0,10032.1027,0.042940430925221706
2020-02-12 00:00:00+00:00,10500.0,10286.0,10257.0,3195518429.0,10363.0,10358.4007,0.007485903169356378
2020-02-13 00:00:00+00:00,10550.0,10363.0,10075.0,4590116972.0,10241.0,10298.6612,-0.011772652706745101
2020-02-14 00:00:00+00:00,10393.0,10241.0,10119.0,2321594602.0,10369.5,10261.6727,0.012547602773166577
2020-02-15 00:00:00+00:00,10402.5,10369.5,9731.0,2793702129.0,9907.0,10068.4656,-0.04460195766430397
2020-02-16 00:00:00+00:00,10049.0,9907.0,9642.0,2631092637.0,9934.0,9882.3994,0.0027253457151508176
2020-02-17 00:00:00+00:00,9970.0,9934.0,9485.0,3536302919.0,9715.0,9698.3804,-0.02204550030199315
2020-02-18 00:00:00+00:00,10300.0,9715.0,9621.0,3722933606.0,10195.5,9903.9319,0.04945959855892945
2020-02-19 00:00:00+00:00,10331.0,10195.5,9260.5,4113270117.0,9596.5,9963.1364,-0.058751409935756005
2020-02-20 00:00:00+00:00,9688.0,9596.5,9354.0,2896538588.0,9607.5,9574.8755,0.0011462512374302847
2020-02-21 00:00:00+00:00,9788.0,9607.5,9506.0,1943485619.0,9694.0,9689.9225,0.009003382773874469
2020-02-22 00:00:00+00:00,9718.5,9694.0,9560.5,1047504190.0,9675.5,9655.3056,-0.001908396946564861
2020-02-23 00:00:00+00:00,10045.0,9675.5,9674.5,2129179142.0,9966.0,9901.9705,0.03002428815048308
2020-02-24 00:00:00+00:00,10036.0,9966.0,9480.0,3127248830.0,9660.5,9734.2548,-0.030654224362833604
2020-02-25 00:00:00+00:00,9697.5,9660.5,9233.5,2825728347.0,9317.0,9472.388,-0.03555716577816881
2020-02-26 00:00:00+00:00,9368.0,9317.0,8580.0,4672566740.0,8780.0,9004.9527,-0.057636578297735275
2020-02-27 00:00:00+00:00,8969.0,8780.0,8523.0,3233578879.0,8820.0,8776.5491,0.004555808656036442
2020-02-28 00:00:00+00:00,8902.5,8820.0,8438.0,3535037527.0,8717.5,8649.7708,-0.011621315192743786
2020-02-29 00:00:00+00:00,8806.5,8717.5,8525.5,1624579497.0,8531.5,8681.3091,-0.021336392314310282
2020-03-01 00:00:00+00:00,8769.0,8531.5,8400.0,2865341712.0,8532.5,8566.0442,0.00011721268241227101
2020-03-02 00:00:00+00:00,8967.0,8532.5,8490.0,2260357992.0,8918.5,8757.3343,0.04523879285086441
2020-03-03 00:00:00+00:00,8930.0,8918.5,8660.0,2506496796.0,8757.0,8787.3462,-0.01810842630487186
2020-03-04 00:00:00+00:00,8849.0,8757.0,8665.0,1706557363.0,8756.5,8756.5674,-5.7097179399390185e-05
2020-03-05 00:00:00+00:00,9171.0,8756.5,8756.0,2680324726.0,9070.5,9013.0689,0.035859076114886035
2020-03-06 00:00:00+00:00,9180.0,9070.5,9001.0,1771717908.0,9158.5,9100.0091,0.00970178049721615
2020-03-07 00:00:00+00:00,9224.5,9158.5,8851.0,2109118200.0,8900.0,9042.4089,-0.028225146039198568
2020-03-08 00:00:00+00:00,8900.0,8900.0,8001.0,3565316312.0,8038.5,8457.3748,-0.09679775280898872
2020-03-09 00:00:00+00:00,8184.5,8038.5,7630.5,4800156501.0,7928.0,7856.0767,-0.01374634571126454
2020-03-10 00:00:00+00:00,8150.0,7928.0,7723.0,3415078897.0,7889.5,7951.6539,-0.0048562058526741
2020-03-11 00:00:00+00:00,7985.0,7889.5,7593.0,2616658378.0,7939.0,7816.774799999999,0.006274161860700955
2020-03-12 00:00:00+00:00,7967.0,7939.0,4266.0,9879605680.0,4346.0,6227.0378,-0.4525758911701726
2020-03-13 00:00:00+00:00,5873.5,4346.0,3596.0,8470456293.0,5571.5,5061.241,0.28198343304187756
2020-03-14 00:00:00+00:00,5651.0,5571.5,5046.0,2284697834.0,5160.5,5382.7107,-0.07376828502198685
2020-03-15 00:00:00+00:00,5974.0,5160.5,5087.0,2416784951.0,5338.5,5391.7076,0.03449278170719894
2020-03-16 00:00:00+00:00,5347.5,5338.5,4394.0,3767784970.0,5036.5,4862.3942,-0.05657019762105464
2020-03-17 00:00:00+00:00,5566.0,5036.5,4930.0,2483878294.0,5327.0,5301.1026,0.057678943710910424
2020-03-18 00:00:00+00:00,5455.0,5327.0,5003.5,2329210649.0,5409.5,5263.9891,0.01548714097991355
2020-03-19 00:00:00+00:00,6464.0,5409.5,5260.0,2961750416.0,6185.0,5867.1673,0.14335890562898612
2020-03-20 00:00:00+00:00,6946.0,6185.0,5653.0,3783695861.0,6204.0,6381.2137,0.003071948261923918
2020-03-21 00:00:00+00:00,6448.0,6204.0,5860.0,2179889762.0,6192.0,6160.6703,-0.0019342359767892114
2020-03-22 00:00:00+00:00,6422.5,6192.0,5737.5,2206628792.0,5820.5,6075.7033,-0.05999677002583981
2020-03-23 00:00:00+00:00,6640.5,5820.5,5683.0,2720999038.0,6486.0,6171.3157,0.11433725624946312
2020-03-24 00:00:00+00:00,6876.5,6486.0,6400.0,2242836537.0,6765.0,6654.6882,0.043015726179463476
2020-03-25 00:00:00+00:00,6984.0,6765.0,6454.0,2234063864.0,6685.5,6675.1218,-0.011751662971175136
2020-03-26 00:00:00+00:00,6793.5,6685.5,6490.0,1532859653.0,6760.5,6660.4502,0.011218308279111522
2020-03-27 00:00:00+00:00,6875.0,6760.5,6250.5,1641982373.0,6363.5,6648.936200000001,-0.05872346719917165
2020-03-28 00:00:00+00:00,6364.0,6363.5,6031.5,1883833066.0,6250.0,6208.866300000001,-0.01783609648778184
2020-03-29 00:00:00+00:00,6277.0,6250.0,5860.5,1502675683.0,5869.0,6070.5397,-0.060960000000000014
2020-03-30 00:00:00+00:00,6647.0,5869.0,5846.0,2146883987.0,6408.0,6298.4191,0.09183847333446926
2020-03-31 00:00:00+00:00,6524.5,6408.0,6325.0,1367303451.0,6425.0,6440.809,0.002652933832709037
2020-04-01 00:00:00+00:00,6723.5,6425.0,6141.5,2207635222.0,6671.5,6347.1914,0.03836575875486381
2020-04-02 00:00:00+00:00,7299.0,6671.5,6571.0,2972605816.0,6795.5,6806.425299999999,0.018586524769542034
2020-04-03 00:00:00+00:00,7049.5,6795.5,6600.0,2140975954.0,6738.0,6832.9347,-0.008461481862997555
2020-04-04 00:00:00+00:00,7097.0,6738.0,6600.0,1619522774.0,6875.0,6796.710400000001,0.020332442861383138
2020-04-05 00:00:00+00:00,6920.0,6875.0,6660.5,1148471580.0,6775.5,6787.9446,-0.014472727272727304
2020-04-06 00:00:00+00:00,7391.5,6775.5,6766.0,2341814274.0,7338.0,7094.7144,0.08301970334292674
2020-04-07 00:00:00+00:00,7475.5,7338.0,7076.0,2098135699.0,7193.0,7311.5449,-0.019760152630144412
2020-04-08 00:00:00+00:00,7430.0,7193.0,7152.0,1776328298.0,7362.5,7302.468200000001,0.02356457667176426
2020-04-09 00:00:00+00:00,7373.0,7362.5,7080.0,1676985467.0,7289.5,7278.5500999999995,-0.009915110356536472
2020-04-10 00:00:00+00:00,7299.0,7289.5,6754.0,2206832440.0,6868.5,6951.6858,-0.057754304136086176
2020-04-11 00:00:00+00:00,6950.0,6868.5,6766.0,1054582288.0,6885.0,6862.0051,0.002402271238261644
2020-04-12 00:00:00+00:00,7197.0,6885.0,6780.5,1720103437.0,6905.5,6991.5402,0.0029774872912127215
2020-04-13 00:00:00+00:00,6930.5,6905.5,6540.0,2252284386.0,6853.0,6738.9986,-0.007602635580334471
2020-04-14 00:00:00+00:00,6985.5,6853.0,6765.0,1400091537.0,6868.0,6881.8388,0.002188822413541569
2020-04-15 00:00:00+00:00,6940.0,6868.0,6601.5,1489184700.0,6615.5,6770.022299999999,-0.03676470588235292
2020-04-16 00:00:00+00:00,7245.0,6615.5,6463.0,3006153467.0,7106.5,6923.2899,0.07421963570402834
2020-04-17 00:00:00+00:00,7156.5,7106.5,6991.0,1225409067.0,7025.0,7068.6365,-0.011468374023781092
2020-04-18 00:00:00+00:00,7305.0,7025.0,7005.5,1302161155.0,7256.5,7175.6602,0.03295373665480428
2020-04-19 00:00:00+00:00,7274.0,7256.5,7053.0,1139540564.0,7125.5,7153.0758,-0.01805278026596846
2020-04-20 00:00:00+00:00,7237.5,7125.5,6751.5,2362464868.0,6833.0,6995.453,-0.04104975089467411
2020-04-21 00:00:00+00:00,6959.0,6833.0,6762.5,1528684889.0,6848.5,6856.3593,0.0022684033367481593
2020-04-22 00:00:00+00:00,7189.0,6848.5,6822.0,1450803027.0,7133.5,7020.9928,0.04161495217930944
2020-04-23 00:00:00+00:00,7802.0,7133.5,7023.5,2488032747.0,7492.0,7350.779199999999,0.05025583514403875
2020-04-24 00:00:00+00:00,7610.0,7492.0,7380.0,1473830307.0,7503.5,7513.148,0.001534970635344468
2020-04-25 00:00:00+00:00,7745.0,7503.5,7431.0,1362595381.0,7542.0,7554.581899999999,0.0051309388951823465
2020-04-26 00:00:00+00:00,7720.0,7542.0,7450.0,1432590477.0,7702.5,7609.770900000001,0.02128082736674619
2020-04-27 00:00:00+00:00,7836.5,7702.5,7625.0,1663495897.0,7788.0,7713.6686,0.011100292112950383
2020-04-28 00:00:00+00:00,7795.5,7788.0,7651.0,1154456663.0,7752.0,7724.9903,-0.0046224961479198745
2020-04-29 00:00:00+00:00,8978.0,7752.0,7706.0,5110631297.0,8794.0,8364.0013,0.13441692466460275
2020-04-30 00:00:00+00:00,9481.0,8794.0,8407.0,5794365072.0,8627.5,8939.7461,-0.018933363657038904
2020-05-01 00:00:00+00:00,9065.0,8627.5,8622.5,2573647732.0,8832.0,8814.4557,0.023703274413213515
2020-05-02 00:00:00+00:00,9020.0,8832.0,8755.0,1560102376.0,8980.5,8884.94,0.016813858695652106
2020-05-03 00:00:00+00:00,9200.0,8980.5,8724.5,2666607086.0,8907.5,8965.3936,-0.008128723345025346
2020-05-04 00:00:00+00:00,8970.0,8907.5,8527.0,2424132603.0,8885.0,8752.7352,-0.002525961268593835
2020-05-05 00:00:00+00:00,9122.0,8885.0,8760.0,2291572960.0,9025.5,8939.7461,0.01581316826111423
2020-05-06 00:00:00+00:00,9424.5,9025.5,8920.0,2902813165.0,9153.5,9192.8663,0.014182039776189592
2020-05-07 00:00:00+00:00,10085.5,9153.5,9009.0,4370697867.0,10010.0,9584.9708,0.09357076528104002
2020-05-08 00:00:00+00:00,10050.0,10010.0,9728.5,3138865117.0,9806.5,9910.8028,-0.02032967032967037
2020-05-09 00:00:00+00:00,9914.5,9806.5,9511.0,2448399578.0,9537.5,9687.1065,-0.027430785703359994
2020-05-10 00:00:00+00:00,9570.5,9537.5,8100.0,5273700229.0,8727.5,8671.5227,-0.08492791612057671
2020-05-11 00:00:00+00:00,9163.0,8727.5,8160.0,4956763516.0,8565.5,8678.2956,-0.01856201661415069
2020-05-12 00:00:00+00:00,8979.5,8565.5,8529.0,2175540768.0,8822.5,8781.1732,0.030004086159593824
2020-05-13 00:00:00+00:00,9415.0,8822.5,8803.5,2308094044.0,9314.5,9088.4304,0.055766506092377544
2020-05-14 00:00:00+00:00,9970.0,9314.5,9260.0,3582078491.0,9801.5,9646.9226,0.0522840732191745
2020-05-15 00:00:00+00:00,9857.0,9801.5,9100.0,3557587206.0,9315.5,9477.7746,-0.049584247309085394
2020-05-16 00:00:00+00:00,9593.0,9315.5,9219.5,1695988070.0,9384.0,9405.5681,0.007353335838119257
2020-05-17 00:00:00+00:00,9910.0,9384.0,9335.0,1906941149.0,9677.0,9671.1799,0.031223358908780918
2020-05-18 00:00:00+00:00,9979.0,9677.0,9280.0,2328475675.0,9727.0,9708.7379,0.005166890565257765
2020-05-19 00:00:00+00:00,9911.0,9727.0,9401.0,2217743953.0,9786.5,9684.2921,0.006116993934409454
2020-05-20 00:00:00+00:00,9850.0,9786.5,9273.0,2171424772.0,9505.0,9613.5359,-0.02876411383027644
2020-05-21 00:00:00+00:00,9570.5,9505.0,8800.0,2627516144.0,9059.0,9185.2668,-0.0469226722777486
2020-05-22 00:00:00+00:00,9264.0,9059.0,8926.0,1470310195.0,9159.5,9106.6387,0.011093939728446855
2020-05-23 00:00:00+00:00,9310.0,9159.5,9075.0,1121957426.0,9168.5,9196.2479,0.000982586385719797
2020-05-24 00:00:00+00:00,9305.5,9168.5,8669.0,2071794094.0,8705.5,9040.7739,-0.05049899111086875
2020-05-25 00:00:00+00:00,8978.0,8705.5,8618.0,1624486471.0,8893.5,8802.8169,0.021595543047498778
2020-05-26 00:00:00+00:00,9014.5,8893.5,8686.0,1533118499.0,8838.5,8855.0429,-0.00618429189857761
2020-05-27 00:00:00+00:00,9230.0,8838.5,8811.5,1580447514.0,9205.0,9061.2541,0.04146631215704022
2020-05-28 00:00:00+00:00,9629.0,9205.0,9105.5,1783582616.0,9582.5,9369.4369,0.04101032047800102
2020-05-29 00:00:00+00:00,9610.0,9582.5,9328.0,1306089040.0,9427.5,9455.3707,-0.01617531959300811
2020-05-30 00:00:00+00:00,9765.0,9427.5,9323.0,1437913147.0,9702.0,9531.0713,0.029116945107398484
2020-05-31 00:00:00+00:00,9707.0,9702.0,9382.0,1326927953.0,9445.5,9533.7973,-0.02643784786641934
2020-06-01 00:00:00+00:00,10473.0,9445.5,9420.0,2221794381.0,10250.5,9805.8443,0.08522576888465405
2020-06-02 00:00:00+00:00,10273.0,10250.5,8600.5,2585912904.0,9520.0,9721.0071,-0.07126481635042192
2020-06-03 00:00:00+00:00,9695.0,9520.0,9383.0,1103857150.0,9668.0,9552.9232,0.015546218487394903
2020-06-04 00:00:00+00:00,9898.0,9668.0,9406.0,1624745461.0,9799.0,9699.321,0.013549855192387161
2020-06-05 00:00:00+00:00,9860.5,9799.0,9577.0,1486778525.0,9610.5,9723.8429,-0.01923665680171449
2020-06-06 00:00:00+00:00,9770.0,9610.5,9526.0,979168883.0,9668.5,9638.5542,0.00603506581343316
2020-06-07 00:00:00+00:00,9845.5,9668.5,9360.0,1791286313.0,9760.5,9602.4582,0.009515436727517201
2020-06-08 00:00:00+00:00,9825.0,9760.5,9650.0,1176497554.0,9793.0,9729.5194,0.003329747451462417
2020-06-09 00:00:00+00:00,9899.0,9793.0,9465.0,1434255877.0,9784.0,9724.7885,-0.0009190237925048583
2020-06-10 00:00:00+00:00,10180.0,9784.0,9600.5,1352445011.0,9894.0,9835.7431,0.011242845461978845
2020-06-11 00:00:00+00:00,10050.0,9894.0,9012.0,2838725012.0,9259.0,9563.8868,-0.06418031129977764
2020-06-12 00:00:00+00:00,9547.0,9259.0,9222.5,1233783617.0,9459.5,9410.879,0.02165460632897731
2020-06-13 00:00:00+00:00,9500.0,9459.5,9330.0,714012720.0,9476.0,9421.5187,0.0017442782388075173
2020-06-14 00:00:00+00:00,9483.0,9476.0,9232.0,940678663.0,9327.0,9371.193000000003,-0.015723934149430185
2020-06-15 00:00:00+00:00,9544.5,9327.0,8892.0,2314161709.0,9426.0,9212.3445,0.010614345448697327
2020-06-16 00:00:00+00:00,9599.5,9426.0,9387.0,1275427288.0,9522.5,9498.4802,0.01023764056863996
2020-06-17 00:00:00+00:00,9576.0,9522.5,9219.5,1354980917.0,9452.5,9418.8566,-0.007351010763980037
2020-06-18 00:00:00+00:00,9495.0,9452.5,9268.5,917426917.0,9374.0,9394.0817,-0.008304681301243066
2020-06-19 00:00:00+00:00,9450.0,9374.0,9226.0,1297704623.0,9296.5,9324.0093,-0.00826754853851075
2020-06-20 00:00:00+00:00,9399.0,9296.5,9141.0,931809409.0,9358.5,9294.5441,0.006669176571828084
2020-06-21 00:00:00+00:00,9424.5,9358.5,9272.0,647865073.0,9286.5,9344.0478,-0.0076935406315115085
2020-06-22 00:00:00+00:00,9794.5,9286.5,9272.0,1357919700.0,9692.0,9531.9798,0.043665535993108184
2020-06-23 00:00:00+00:00,9724.5,9692.0,9580.0,884855830.0,9624.0,9639.4833,-0.0070160957490713605
2020-06-24 00:00:00+00:00,9668.5,9624.0,9200.0,1825790740.0,9287.0,9392.3171,-0.035016625103906907
2020-06-25 00:00:00+00:00,9336.5,9287.0,8981.0,1511880706.0,9240.0,9193.7115,-0.005060837730160417
2020-06-26 00:00:00+00:00,9286.0,9240.0,9025.0,1375341566.0,9148.5,9153.3181,-0.009902597402597357
2020-06-27 00:00:00+00:00,9186.0,9148.5,8827.0,1152481781.0,8997.5,9040.7739,-0.016505438049953525
2020-06-28 00:00:00+00:00,9185.0,8997.5,8927.5,762355479.0,9114.5,9067.0052,0.013003612114476315
2020-06-29 00:00:00+00:00,9234.5,9114.5,9013.0,1012013657.0,9188.0,9112.4476,0.008064073728674126
2020-06-30 00:00:00+00:00,9198.0,9188.0,9040.0,816651655.0,9132.5,9134.0884,-0.006040487592511967
2020-07-01 00:00:00+00:00,9296.5,9132.5,9086.5,998150625.0,9234.5,9203.0186,0.011168902272105097
2020-07-02 00:00:00+00:00,9259.0,9234.5,8932.0,1434090493.0,9084.5,9111.6173,-0.0162434349450431
2020-07-03 00:00:00+00:00,9122.0,9084.5,9016.0,541298881.0,9055.5,9086.7787,-0.003192250536628305
2020-07-04 00:00:00+00:00,9196.5,9055.5,9039.5,604764682.0,9142.0,9114.9394,0.009552205841753647
2020-07-05 00:00:00+00:00,9143.0,9142.0,8906.5,920008314.0,9078.0,9037.5056,-0.007000656311529241
2020-07-06 00:00:00+00:00,9389.0,9078.0,9066.0,1314548157.0,9348.0,9231.9055,0.029742233972240628
2020-07-07 00:00:00+00:00,9388.5,9348.0,9202.5,840537930.0,9251.0,9267.8406,-0.010376551133932432
2020-07-08 00:00:00+00:00,9490.0,9251.0,9233.5,1151562304.0,9443.0,9365.9268,0.020754513025618815
2020-07-09 00:00:00+00:00,9443.5,9443.0,9161.0,1287224190.0,9235.5,9299.7303,-0.021973948956899303
2020-07-10 00:00:00+00:00,9320.0,9235.5,9114.0,958497314.0,9290.5,9194.5568,0.0059552812516918685
2020-07-11 00:00:00+00:00,9302.0,9290.5,9183.0,485313627.0,9232.0,9234.463,-0.00629675474947522
2020-07-12 00:00:00+00:00,9353.0,9232.0,9160.0,885341892.0,9305.0,9256.688,0.007907279029462755
2020-07-13 00:00:00+00:00,9378.5,9305.0,9198.0,952998765.0,9230.0,9279.0201,-0.008060182697474438
2020-07-14 00:00:00+00:00,9277.0,9230.0,9076.0,921755131.0,9256.5,9205.5602,0.0028710725893823508
2020-07-15 00:00:00+00:00,9273.0,9256.5,9150.0,738636331.0,9188.0,9211.4959,-0.007400205261167803
2020-07-16 00:00:00+00:00,9213.0,9188.0,9026.5,926726125.0,9130.5,9112.4476,-0.006258162821070945
2020-07-17 00:00:00+00:00,9181.0,9130.5,9080.5,528872495.0,9154.0,9136.5921,0.0025737911395871116
2020-07-18 00:00:00+00:00,9228.0,9154.0,9113.5,461545873.0,9172.5,9168.4239,0.0020209744374044547
2020-07-19 00:00:00+00:00,9250.0,9172.5,9089.0,589195390.0,9219.0,9161.7041,0.005069501226492301
2020-07-20 00:00:00+00:00,9228.0,9219.0,9125.0,540319829.0,9160.0,9173.4703,-0.006399826445384504
2020-07-21 00:00:00+00:00,9447.0,9160.0,9155.5,1264071828.0,9393.0,9330.9695,0.02543668122270737
2020-07-22 00:00:00+00:00,9584.0,9393.0,9290.0,972162224.0,9537.5,9409.108,0.015383796444160547
2020-07-23 00:00:00+00:00,9692.5,9537.5,9452.0,1178335665.0,9611.5,9558.4018,0.0077588466579292525
2020-07-24 00:00:00+00:00,9648.5,9611.5,9477.5,958889621.0,9549.0,9552.923200000001,-0.006502627061332755
2020-07-25 00:00:00+00:00,9765.0,9549.0,9538.0,987156909.0,9712.0,9641.3421,0.017069850246099083
2020-07-26 00:00:00+00:00,10272.0,9712.0,9664.0,1802767312.0,9940.5,9927.528999999999,0.02352759472817123
2020-07-27 00:00:00+00:00,11431.0,9940.5,9940.0,4947737792.0,11063.5,10601.0813,0.11297218449776159
2020-07-28 00:00:00+00:00,11270.0,11063.5,10603.0,3202769044.0,10941.5,10974.5391,-0.011027251773850999
2020-07-29 00:00:00+00:00,11362.5,10941.5,10865.0,2098115704.0,11108.5,11132.1385,0.015262989535255622
2020-07-30 00:00:00+00:00,11198.0,11108.5,10845.5,1500081116.0,11127.5,11029.0063,0.0017104019444569296
2020-07-31 00:00:00+00:00,11470.0,11127.5,10970.5,2064106128.0,11361.0,11249.8594,0.020984048528420507
2020-08-01 00:00:00+00:00,11908.5,11361.0,11246.0,2475714514.0,11827.5,11645.5107,0.04106152627409565
2020-08-02 00:00:00+00:00,12163.5,11827.5,10560.0,3479179292.0,11072.0,11299.435,-0.06387655886704713
2020-08-03 00:00:00+00:00,11484.5,11072.0,10931.0,1536256355.0,11244.0,11271.4157,0.015534682080924789
2020-08-04 00:00:00+00:00,11429.0,11244.0,10981.5,1551641491.0,11188.0,11213.2765,-0.004980434009249413
2020-08-05 00:00:00+00:00,11800.0,11188.0,11042.0,1900928277.0,11765.5,11530.0357,0.05161780479084732
2020-08-06 00:00:00+00:00,11924.0,11765.5,11583.5,1699933174.0,11768.5,11766.0901,0.0002549827886617617
2020-08-07 00:00:00+00:00,11919.0,11768.5,11330.0,2048399616.0,11600.0,11655.0117,-0.014317882482899225
2020-08-08 00:00:00+00:00,11822.0,11600.0,11530.0,1087906266.0,11773.0,11694.5387,0.014913793103448203
2020-08-09 00:00:00+00:00,11821.5,11773.0,11532.5,1015369966.0,11691.0,11664.5282,-0.006965089611823627
2020-08-10 00:00:00+00:00,12110.0,11691.0,11435.5,2411212574.0,11900.5,11875.0742,0.017919767342400084
2020-08-11 00:00:00+00:00,11949.5,11900.5,11125.0,2816090978.0,11383.0,11524.7205,-0.04348556783328428
2020-08-12 00:00:00+00:00,11619.5,11383.0,11078.5,1516495486.0,11570.5,11432.4911,0.016471931828164754
2020-08-13 00:00:00+00:00,11820.0,11570.5,11270.5,1935771382.0,11805.0,11543.3453,0.020267058467654753
2020-08-14 00:00:00+00:00,11868.5,11805.0,11658.5,1134968692.0,11777.0,11764.7059,-0.002371876323591704
2020-08-15 00:00:00+00:00,12013.0,11777.0,11690.5,1376560697.0,11864.5,11883.5413,0.007429735925957415
2020-08-16 00:00:00+00:00,11941.0,11864.5,11700.0,1128671195.0,11926.0,11837.1212,0.005183530700830108
2020-08-17 00:00:00+00:00,12500.0,11926.0,11620.5,2605664248.0,12308.5,12134.4497,0.03207278215663267
2020-08-18 00:00:00+00:00,12404.5,12308.5,11810.5,2219401770.0,11956.5,12091.8984,-0.0285981232481618
2020-08-19 00:00:00+00:00,12019.5,11956.5,11540.0,2074507698.0,11761.0,11768.8596,-0.016350938819888805
2020-08-20 00:00:00+00:00,11897.0,11761.0,11676.0,929068278.0,11869.0,11798.017900000003,0.009182892611172555
2020-08-21 00:00:00+00:00,11884.5,11869.0,11483.0,1729186824.0,11529.5,11698.643,-0.028603926194287643
2020-08-22 00:00:00+00:00,11686.0,11529.5,11373.0,1031435065.0,11675.5,11538.0178,0.012663168394119406
2020-08-23 00:00:00+00:00,11711.0,11675.5,11530.5,848794552.0,11657.0,11629.2592,-0.0015845145818166317
2020-08-24 00:00:00+00:00,11835.0,11657.0,11605.0,1027357727.0,11757.5,11745.3606,0.008621429184181073
2020-08-25 00:00:00+00:00,11771.5,11757.5,11101.5,2290436953.0,11319.0,11427.2655,-0.03729534339783114
2020-08-26 00:00:00+00:00,11550.0,11319.0,11251.0,1410010209.0,11466.0,11403.8089,0.01298701298701288
2020-08-27 00:00:00+00:00,11599.0,11466.0,11116.5,2232804815.0,11331.5,11357.1834,-0.011730333158904593
2020-08-28 00:00:00+00:00,11548.5,11331.5,11284.5,1105951574.0,11528.5,11444.2664,0.017385165247319367
2020-08-29 00:00:00+00:00,11590.5,11528.5,11414.5,830101571.0,11483.0,11500.8626,-0.00394674068612566
2020-08-30 00:00:00+00:00,11724.0,11483.0,11470.0,989754767.0,11719.0,11622.5012,0.020552120525994866
2020-08-31 00:00:00+00:00,11794.0,11719.0,11571.5,1301120346.0,11658.0,11687.7045,-0.005205222288591216
2020-09-01 00:00:00+00:00,12071.0,11658.0,11540.5,1987744352.0,11937.0,11868.0275,0.023932063818836946
2020-09-02 00:00:00+00:00,11957.5,11937.0,11165.0,2547385654.0,11398.5,11523.3925,-0.045111837145011324
2020-09-03 00:00:00+00:00,11473.0,11398.5,9922.0,3582711111.0,10144.0,10797.969999999998,-0.11005834100978196
2020-09-04 00:00:00+00:00,10636.0,10144.0,9880.0,2496103902.0,10455.0,10343.4009,0.030658517350157677
2020-09-05 00:00:00+00:00,10570.0,10455.0,9817.5,2295656172.0,10161.5,10177.0812,-0.028072692491630802
2020-09-06 00:00:00+00:00,10347.0,10161.5,9993.0,1164344776.0,10250.5,10194.7191,0.008758549426757911
2020-09-07 00:00:00+00:00,10413.0,10250.5,9867.0,1690275573.0,10379.5,10126.5823,0.012584751963318874
2020-09-08 00:00:00+00:00,10460.5,10379.5,9811.0,2186141321.0,10126.5,10086.746,-0.024374969892576703
2020-09-09 00:00:00+00:00,10350.0,10126.5,9982.5,1103571425.0,10222.5,10186.4113,0.00948007702562581
2020-09-10 00:00:00+00:00,10488.0,10222.5,10219.0,1143320649.0,10343.0,10344.4709,0.011787723159696784
2020-09-11 00:00:00+00:00,10430.0,10343.0,10200.5,843676265.0,10395.5,10299.7219,0.0050758967417576795
2020-09-12 00:00:00+00:00,10477.0,10395.5,10271.0,572741240.0,10441.0,10375.5966,0.004376893848299757
2020-09-13 00:00:00+00:00,10583.0,10441.0,10201.5,1033507088.0,10328.0,10377.7501,-0.010822718130447329
2020-09-14 00:00:00+00:00,10750.0,10328.0,10251.0,1335592644.0,10671.5,10537.4078,0.03325910147172739
2020-09-15 00:00:00+00:00,10925.0,10671.5,10621.0,1381492211.0,10776.0,10778.185,0.009792437801621201
2020-09-16 00:00:00+00:00,11091.5,10776.0,10659.0,1349236607.0,10949.5,10912.2654,0.01610059391239793
2020-09-17 00:00:00+00:00,11045.0,10949.5,10737.0,1090445146.0,10942.0,10877.8418,-0.0006849627836887917
2020-09-18 00:00:00+00:00,11039.5,10942.0,10815.5,882174620.0,10927.5,10920.6072,-0.0013251690732956067
2020-09-19 00:00:00+00:00,11192.0,10927.5,10892.0,949727352.0,11080.0,11032.6567,0.013955616563715356
2020-09-20 00:00:00+00:00,11080.5,11080.0,10763.5,950477420.0,10913.0,10900.3706,-0.015072202166064974
2020-09-21 00:00:00+00:00,10984.0,10913.0,10280.0,1937060896.0,10411.0,10603.3294,-0.04600018326766242
2020-09-22 00:00:00+00:00,10570.0,10411.0,10328.5,1054002000.0,10523.0,10463.5346,0.010757852271635837
2020-09-23 00:00:00+00:00,10533.0,10523.0,10130.0,1172400450.0,10228.0,10369.1414,-0.028033830656656877
2020-09-24 00:00:00+00:00,10813.5,10228.0,10190.5,1491937080.0,10739.5,10485.4776,0.050009777082518525
2020-09-25 00:00:00+00:00,10757.5,10739.5,10551.0,1015842106.0,10689.0,10655.301000000001,-0.0047022673308813046
2020-09-26 00:00:00+00:00,10829.5,10689.0,10655.0,668587708.0,10729.5,10720.4117,0.003788941902890919
2020-09-27 00:00:00+00:00,10795.0,10729.5,10590.0,767602632.0,10775.0,10698.6199,0.004240644950836536
2020-09-28 00:00:00+00:00,10946.0,10775.0,10599.0,1100141402.0,10688.0,10851.8719,-0.008074245939675206
2020-09-29 00:00:00+00:00,10855.0,10688.0,10600.0,967088415.0,10839.5,10725.0107,0.014174775449101729
2020-09-30 00:00:00+00:00,10842.0,10839.5,10650.0,905149206.0,10778.5,10734.2207,-0.005627565847133198
2020-10-01 00:00:00+00:00,10980.0,10778.5,10450.0,1693116204.0,10607.0,10699.7646,-0.015911304912557434
2020-10-02 00:00:00+00:00,10655.0,10607.0,10376.0,1165536603.0,10563.5,10503.0984,-0.004101065334213283
2020-10-03 00:00:00+00:00,10610.5,10563.5,10493.0,472896875.0,10544.0,10544.0742,-0.0018459790789038255
2020-10-04 00:00:00+00:00,10698.5,10544.0,10522.0,496221891.0,10672.5,10612.3315,0.012187025796661644
2020-10-05 00:00:00+00:00,10798.5,10672.5,10621.5,660645024.0,10788.5,10707.7846,0.010869055985008202
2020-10-06 00:00:00+00:00,10795.5,10788.5,10505.0,967073304.0,10591.0,10656.4365,-0.018306530101496965
2020-10-07 00:00:00+00:00,10675.0,10591.0,10552.0,585066308.0,10668.5,10608.954,0.007317533755075045
2020-10-08 00:00:00+00:00,10954.0,10668.5,10525.5,1071262005.0,10926.5,10745.7554,0.024183343487838016
2020-10-09 00:00:00+00:00,11102.5,10926.5,10833.0,759471629.0,11056.5,11001.1001,0.011897679952409312
2020-10-10 00:00:00+00:00,11490.0,11056.5,11055.5,1032606981.0,11297.0,11336.5832,0.02175191064079951
2020-10-11 00:00:00+00:00,11449.0,11297.0,11279.0,765624818.0,11371.0,11366.2196,0.0065504116137027335
2020-10-12 00:00:00+00:00,11730.0,11371.0,11190.0,1400865680.0,11544.0,11466.5749,0.015214141236478795
2020-10-13 00:00:00+00:00,11560.0,11544.0,11313.0,1081121228.0,11424.0,11441.6476,-0.01039501039501034
2020-10-14 00:00:00+00:00,11555.0,11424.0,11289.0,963252867.0,11416.5,11406.4104,-0.00065651260504207
2020-10-15 00:00:00+00:00,11645.0,11416.5,11271.5,1057990261.0,11510.0,11423.3493,0.008189900582490361
2020-10-16 00:00:00+00:00,11549.0,11510.0,11212.0,1084343083.0,11320.0,11332.7289,-0.01650738488271064
2020-10-17 00:00:00+00:00,11413.5,11320.0,11221.5,525201699.0,11364.0,11335.2981,0.003886925795052898
2020-10-18 00:00:00+00:00,11509.0,11364.0,11347.0,515252202.0,11507.0,11431.1843,0.012583597324885565
2020-10-19 00:00:00+00:00,11835.0,11507.0,11417.0,1207957271.0,11752.0,11631.9646,0.021291387850873367
2020-10-20 00:00:00+00:00,12059.0,11752.0,11675.5,1654398028.0,11914.5,11869.4362,0.01382743362831862
2020-10-21 00:00:00+00:00,13239.0,11914.5,11895.0,3417940359.0,12814.0,12578.6164,0.07549624407234878
2020-10-22 00:00:00+00:00,13219.0,12814.0,12665.5,1976997877.0,12990.5,12948.3361,0.013773997190572818
2020-10-23 00:00:00+00:00,13042.5,12990.5,12727.5,1149209117.0,12941.0,12914.8909,-0.0038104768869559047
2020-10-24 00:00:00+00:00,13186.0,12941.0,12888.0,903314606.0,13129.5,13051.4226,0.014566107719650612
2020-10-25 00:00:00+00:00,13377.0,13129.5,12855.0,1196467410.0,13038.0,13082.1559,-0.006969039186564552
2020-10-26 00:00:00+00:00,13270.0,13038.0,12776.0,1610805969.0,13069.0,13036.11,0.0023776652860867387
2020-10-27 00:00:00+00:00,13801.5,13069.0,13060.0,2128904272.0,13642.5,13460.7619,0.04388246996709766
2020-10-28 00:00:00+00:00,13854.5,13642.5,12905.5,2590188154.0,13268.0,13376.136999999999,-0.027450980392156876
2020-10-29 00:00:00+00:00,13638.0,13268.0,12983.0,1960110483.0,13461.5,13328.002100000002,0.01458396141091356
2020-10-30 00:00:00+00:00,13675.0,13461.5,13119.5,1884089370.0,13557.5,13401.2329,0.00713144894699691
2020-10-31 00:00:00+00:00,14135.0,13557.5,13421.0,1772871976.0,13802.5,13762.7305,0.018071178314585934
2020-11-01 00:00:00+00:00,13903.0,13802.5,13622.5,922811251.0,13756.5,13758.9433,-0.0033327295779750354
2020-11-02 00:00:00+00:00,13840.0,13756.5,13212.5,1740227757.0,13566.0,13544.6296,-0.013847999127685084
2020-11-03 00:00:00+00:00,14077.0,13566.0,13288.0,1673203841.0,14034.0,13620.267,0.03449800973020789
2020-11-04 00:00:00+00:00,14279.0,14034.0,13533.5,2129841518.0,14151.5,13910.1405,0.008372523870600057
2020-11-05 00:00:00+00:00,15791.5,14151.5,14114.0,3180721468.0,15605.0,14898.6889,0.10270996007490374
2020-11-06 00:00:00+00:00,15979.0,15605.0,15200.5,2827497868.0,15608.5,15595.758,0.0002242870874720193
2020-11-07 00:00:00+00:00,15780.0,15608.5,14366.5,2592662622.0,14838.0,15114.873000000001,-0.04936412851971683
2020-11-08 00:00:00+00:00,15670.0,14838.0,14738.0,1455313545.0,15499.0,15229.972600000001,0.044547782720043116
2020-11-09 00:00:00+00:00,15875.5,15499.0,14843.0,2377187415.0,15342.5,15358.6239,-0.010097425640363866
2020-11-10 00:00:00+00:00,15490.0,15342.5,15079.5,1355001035.0,15309.5,15306.903400000001,-0.002150888056053457
2020-11-11 00:00:00+00:00,16067.0,15309.5,15288.5,1559444291.0,15719.0,15661.707099999998,0.026748097586466013
2020-11-12 00:00:00+00:00,16368.5,15719.0,15460.0,2229996928.0,16316.0,15969.338899999999,0.037979515236338246
2020-11-13 00:00:00+00:00,16499.0,16316.0,15965.5,1579054970.0,16340.0,16278.6912,0.0014709487619515293
2020-11-14 00:00:00+00:00,16340.0,16340.0,15718.0,1295478185.0,16083.0,15989.766499999998,-0.015728274173806622
2020-11-15 00:00:00+00:00,16169.5,16083.0,15795.0,1008923756.0,15973.0,15994.8816,-0.006839519990051612
2020-11-16 00:00:00+00:00,16886.0,15973.0,15889.5,1715669172.0,16718.0,16463.6154,0.04664120703687469
2020-11-17 00:00:00+00:00,17890.0,16718.0,16532.5,2840549478.0,17683.5,17253.2781,0.05775212345974401
2020-11-18 00:00:00+00:00,18500.0,17683.5,17221.0,3789521364.0,17788.5,17892.2884,0.005937738569853357
2020-11-19 00:00:00+00:00,18230.5,17788.5,17350.0,2165844721.0,17824.0,17818.9594,0.001995671360710549
2020-11-20 00:00:00+00:00,18837.5,17824.0,17763.0,2331879627.0,18672.5,18362.1006,0.04760435368043092
2020-11-21 00:00:00+00:00,18989.5,18672.5,18283.5,1851016742.0,18725.0,18712.5749,0.00281162136832247
2020-11-22 00:00:00+00:00,18781.5,18725.0,17656.0,2186105725.0,18464.0,18341.8929,-0.01393858477970622
2020-11-23 00:00:00+00:00,18785.0,18464.0,18045.0,2156681517.0,18393.5,18446.781000000003,-0.003818240901213188
2020-11-24 00:00:00+00:00,19449.0,18393.5,18045.0,2767550413.0,19193.0,18935.8076,0.04346644194960181
2020-11-25 00:00:00+00:00,19546.5,19193.0,18490.5,2400452266.0,18751.0,19051.2479,-0.023029229406554497
2020-11-26 00:00:00+00:00,18924.5,18751.0,16220.0,4869547159.0,17165.5,17307.0267,-0.08455549037384669
2020-11-27 00:00:00+00:00,17477.0,17165.5,16460.0,2299039122.0,17153.0,16949.1525,-0.0007282048294544596
2020-11-28 00:00:00+00:00,17874.5,17153.0,16898.5,1356626364.0,17736.5,17364.1257,0.03401737305427632
2020-11-29 00:00:00+00:00,18345.0,17736.5,17536.5,1241460612.0,18195.0,18008.2838,0.025850646970935642
2020-11-30 00:00:00+00:00,19949.0,18195.0,18195.5,3107683217.0,19714.5,19157.0881,0.08351195383347076
2020-12-01 00:00:00+00:00,19958.0,19714.5,18140.0,3165344547.0,18793.0,19146.0846,-0.04674224555530193
2020-12-02 00:00:00+00:00,19351.0,18793.0,18334.0,1729762100.0,19221.5,18939.3939,0.022801042941520855
2020-12-03 00:00:00+00:00,19632.0,19221.5,18880.5,1371217335.0,19450.5,19293.8453,0.01191374242384824
2020-12-04 00:00:00+00:00,19545.0,19450.5,18559.0,1688264359.0,18658.5,19029.4957,-0.04071874759003624
2020-12-05 00:00:00+00:00,19194.5,18658.5,18503.5,926099520.0,19155.5,18960.9405,0.026636653535921928
2020-12-06 00:00:00+00:00,19447.0,19155.5,18880.0,1048486560.0,19394.0,19171.7791,0.012450732165696587
2020-12-07 00:00:00+00:00,19450.0,19394.0,18914.0,1038976792.0,19188.0,19197.5427,-0.010621841806744303
2020-12-08 00:00:00+00:00,19303.0,19188.0,18156.5,1626238181.0,18306.5,18765.2468,-0.04594017094017089
2020-12-09 00:00:00+00:00,18626.5,18306.5,17630.0,1911129220.0,18533.0,18178.513,0.012372654521618065
2020-12-10 00:00:00+00:00,18539.0,18533.0,17925.0,1250055625.0,18247.0,18254.8375,-0.01543193222899697
2020-12-11 00:00:00+00:00,18286.0,18247.0,17563.5,1868706439.0,18037.5,17895.4903,-0.01148133939825724
2020-12-12 00:00:00+00:00,18950.0,18037.5,18020.0,1118565731.0,18812.5,18504.8113,0.042966042966043005
2020-12-13 00:00:00+00:00,19439.0,18812.5,18730.0,1363478354.0,19172.0,19157.0881,0.019109634551494947
2020-12-14 00:00:00+00:00,19355.0,19172.0,19007.5,974421380.0,19272.0,19175.4554,0.005215939912372125
2020-12-15 00:00:00+00:00,19595.0,19272.0,19055.0,1531807702.0,19439.0,19349.8452,0.008665421336654155
2020-12-16 00:00:00+00:00,21604.5,19439.0,19291.5,2906159364.0,21380.0,20391.5171,0.09985081537116103
2020-12-17 00:00:00+00:00,23837.5,21380.0,21273.5,5867478897.0,22821.5,22727.2727,0.06742282507015895
2020-12-18 00:00:00+00:00,23312.5,22821.5,22359.0,1905514933.0,23134.5,22883.295199999997,0.013715137041824699
2020-12-19 00:00:00+00:00,24300.0,23134.5,22780.0,2075861972.0,23874.5,23540.4896,0.03198685945233315
2020-12-20 00:00:00+00:00,24350.5,23874.5,23111.0,2109245363.0,23491.0,23623.9074,-0.016063163626463428
2020-12-21 00:00:00+00:00,24157.5,23491.0,21800.0,3330895998.0,22741.5,23025.558399999998,-0.031905836277723365
2020-12-22 00:00:00+00:00,23865.0,22741.5,22400.0,1923966495.0,23835.0,23089.3558,0.048083899478926106
2020-12-23 00:00:00+00:00,24163.0,23835.0,22590.5,3088958589.0,23241.0,23468.6693,-0.024921334172435472
2020-12-24 00:00:00+00:00,23795.5,23241.0,22680.0,1922526568.0,23740.0,23180.3431,0.021470676821135015
2020-12-25 00:00:00+00:00,24812.0,23740.0,23452.0,2409655649.0,24728.5,24148.7563,0.04163858466722825
2020-12-26 00:00:00+00:00,26880.0,24728.5,24500.5,2293397405.0,26490.0,25484.1998,0.07123359686192043
2020-12-27 00:00:00+00:00,28395.0,26490.0,25848.0,4152651254.0,26254.0,27144.4083,-0.008909022272555633
2020-12-28 00:00:00+00:00,27495.0,26254.0,26073.0,2222773553.0,27039.5,26946.9146,0.029919250399939035
2020-12-29 00:00:00+00:00,27411.0,27039.5,25887.0,2238690113.0,27379.5,26673.7797,0.012574197008080823
2020-12-30 00:00:00+00:00,29021.0,27379.5,27380.0,3081874067.0,28907.5,28153.1532,0.055808177651162305
2020-12-31 00:00:00+00:00,29350.0,28907.5,27941.0,2319304701.0,28951.0,28785.2619,0.0015047997924413359
2021-01-01 00:00:00+00:00,29717.0,28951.0,28701.5,1838861284.0,29402.5,29274.0047,0.015595316223964595
2021-01-02 00:00:00+00:00,33430.0,29402.5,29028.5,4616478195.0,32185.0,31338.138499999997,0.09463480996513907
2021-01-03 00:00:00+00:00,34896.0,32185.0,31988.0,4233140121.0,33062.5,33590.8633,0.0272642535342551
2021-01-04 00:00:00+00:00,33670.0,33062.5,27650.0,5115041875.0,32044.5,31172.0698,-0.0307901701323251
2021-01-05 00:00:00+00:00,34600.0,32044.5,29936.5,3831661018.0,34107.5,32206.1192,0.06437922264351137
2021-01-06 00:00:00+00:00,37074.5,34107.5,33390.5,4337625799.0,36883.0,35001.7501,0.08137506413545403
2021-01-07 00:00:00+00:00,40567.0,36883.0,36383.5,4867691089.0,39487.0,38314.1762,0.07060163218827098
2021-01-08 00:00:00+00:00,42084.0,39487.0,36595.0,5295943183.0,40600.0,39793.076,0.028186491756780674
2021-01-09 00:00:00+00:00,41495.0,40600.0,38760.5,2903820217.0,40291.5,40290.0886,-0.007598522167487687
2021-01-10 00:00:00+00:00,41527.5,40291.5,34900.0,4268255145.0,38225.0,39032.0062,-0.051288733355670524
2021-01-11 00:00:00+00:00,38293.0,38225.0,30377.5,8176174490.0,35390.0,33909.7999,-0.07416612164813607
2021-01-12 00:00:00+00:00,36671.5,35390.0,32555.0,4398254106.0,34026.0,34686.0909,-0.03854196100593388
2021-01-13 00:00:00+00:00,37800.0,34026.0,32357.5,3490456520.0,37390.5,34578.1466,0.09888026803032979
2021-01-14 00:00:00+00:00,40163.5,37390.5,36781.5,3215293113.0,39143.5,38624.9517,0.046883566681376276
2021-01-15 00:00:00+00:00,39722.0,39143.5,34347.0,4349394468.0,36734.5,36886.7577,-0.061542784881270185
2021-01-16 00:00:00+00:00,37969.5,36734.5,35420.5,2716337938.0,36007.0,36832.4125,-0.019804271189209022
2021-01-17 00:00:00+00:00,36852.5,36007.0,33862.0,2787817743.0,35870.0,35448.4225,-0.003804815730274691
2021-01-18 00:00:00+00:00,37533.5,35870.0,34774.5,2534623334.0,36684.5,36140.2241,0.022706997490939518
2021-01-19 00:00:00+00:00,37920.0,36684.5,35810.5,2652624979.0,35898.0,36954.915,-0.02143957257152207
2021-01-20 00:00:00+00:00,36381.5,35898.0,33333.0,3153189209.0,35489.0,34940.601,-0.011393392389548174
2021-01-21 00:00:00+00:00,35598.0,35489.0,29961.0,4827957533.0,30810.5,32393.909900000002,-0.13182958099692865
2021-01-22 00:00:00+00:00,33835.5,30810.5,28802.0,4047359471.0,33003.0,31367.6286,0.07116080556952986
2021-01-23 00:00:00+00:00,33475.0,33003.0,31413.0,2248018972.0,32090.0,32351.989599999997,-0.027664151743780896
2021-01-24 00:00:00+00:00,33120.0,32090.0,30936.0,1904546206.0,32290.5,32195.750200000002,0.006248052352757938
2021-01-25 00:00:00+00:00,34872.5,32290.5,31910.5,3037356566.0,32221.0,33444.8161,-0.002152335826326679
2021-01-26 00:00:00+00:00,32928.0,32221.0,30803.0,2807905742.0,32500.0,31877.5901,0.008658949132553273
2021-01-27 00:00:00+00:00,32558.5,32500.0,29270.0,3182339546.0,30381.0,30854.6745,-0.06520000000000004
2021-01-28 00:00:00+00:00,33793.0,30381.0,29880.0,2408020667.0,33446.0,31806.6158,0.10088542180968374
2021-01-29 00:00:00+00:00,38730.0,33446.0,31999.5,6550659922.0,34230.0,35486.1604,0.02344077019673496
2021-01-30 00:00:00+00:00,34889.0,34230.0,32781.0,2227538611.0,34310.5,33944.3313,0.002351738241308743
2021-01-31 00:00:00+00:00,34362.0,34310.5,32176.0,1627575811.0,33101.0,33333.3333,-0.03525159936462596
2021-02-01 00:00:00+00:00,34749.0,33101.0,32318.0,2077088786.0,33550.5,33749.5781,0.013579650161626544
2021-02-02 00:00:00+00:00,36051.0,33550.5,33441.0,2226392272.0,35544.5,34904.013999999996,0.059432795338370425
2021-02-03 00:00:00+00:00,37750.0,35544.5,35426.0,2662277724.0,37700.0,36589.828,0.060642293463123664
2021-02-04 00:00:00+00:00,38850.0,37700.0,36222.0,2967900059.0,37030.0,37509.3773,-0.017771883289124712
2021-02-05 00:00:00+00:00,38419.5,37030.0,36605.0,1825963949.0,38361.5,37735.8491,0.03595733189305972
2021-02-06 00:00:00+00:00,41027.5,38361.5,38293.5,2745957944.0,39318.5,39761.4314,0.024946886852703853
2021-02-07 00:00:00+00:00,39810.0,39318.5,37410.5,2627342478.0,38900.5,38684.7195,-0.010631127840583954
2021-02-08 00:00:00+00:00,46929.0,38900.5,38058.0,4677725938.0,46417.5,42680.3244,0.19323659078932143
2021-02-09 00:00:00+00:00,48277.0,46417.5,45073.5,3586243118.0,46513.5,46663.5558,0.0020681854903861208
2021-02-10 00:00:00+00:00,47495.0,46513.5,43802.5,2946590028.0,44888.0,45599.6352,-0.03494684338955356
2021-02-11 00:00:00+00:00,48833.5,44888.0,44051.5,3643247396.0,48082.0,46794.5718,0.07115487435394763
2021-02-12 00:00:00+00:00,49180.0,48082.0,46234.5,2832796323.0,47485.0,47619.0476,-0.012416288839898537
2021-02-13 00:00:00+00:00,48335.0,47485.0,46250.5,2057217655.0,47265.5,47258.9792,-0.004622512372328136
2021-02-14 00:00:00+00:00,49876.5,47265.5,47105.0,2608808984.0,48690.5,48732.9435,0.030148840063048077
2021-02-15 00:00:00+00:00,49080.0,48690.5,45726.0,2614365272.0,48018.5,47619.0476,-0.013801460243784702
2021-02-16 00:00:00+00:00,50980.0,48018.5,47140.0,3606645741.0,49199.5,49067.7134,0.024594687464206455
2021-02-17 00:00:00+00:00,52743.0,49199.5,48949.5,2907233492.0,52209.5,50994.3906,0.06117948353133662
2021-02-18 00:00:00+00:00,52594.5,52209.5,50940.0,2165933671.0,51613.0,51867.2199,-0.011425123780154922
2021-02-19 00:00:00+00:00,56454.0,51613.0,50732.0,2963785938.0,55934.0,53447.3544,0.08371921802646609
2021-02-20 00:00:00+00:00,57636.0,55934.0,53991.0,2810562544.0,55934.5,56274.6201,8.93910680455079e-06
2021-02-21 00:00:00+00:00,58464.0,55934.5,55552.0,2276211707.0,57542.5,57208.238,0.028747910502462615
2021-02-22 00:00:00+00:00,57577.5,57542.5,47566.5,6469168708.0,54122.5,53676.8653,-0.05943433114654384
2021-02-23 00:00:00+00:00,54205.5,54122.5,44813.0,7289632823.0,48923.5,48449.6124,-0.09605986419696055
2021-02-24 00:00:00+00:00,51420.0,48923.5,46961.5,2903146594.0,49691.0,49751.24379999999,0.015687757417192083
2021-02-25 00:00:00+00:00,52151.5,49691.0,46717.0,2984172940.0,47110.0,49751.24379999999,-0.051940995351270836
2021-02-26 00:00:00+00:00,48428.5,47110.0,44100.0,3727451804.0,46320.0,46425.2553,-0.01676926342602425
2021-02-27 00:00:00+00:00,48399.5,46320.0,45000.0,1872080256.0,46171.5,46992.4812,-0.003205958549222787
2021-02-28 00:00:00+00:00,46644.5,46171.5,43040.0,2973600828.0,45211.0,44642.8571,-0.020802876233174117
2021-03-01 00:00:00+00:00,49833.0,45211.0,45030.5,2102619079.0,49664.5,47778.3086,0.09850478865762757
2021-03-02 00:00:00+00:00,50272.0,49664.5,47100.0,2101593607.0,48483.5,48590.86490000001,-0.023779560853325776
2021-03-03 00:00:00+00:00,52669.5,48483.5,48157.5,2433721732.0,50346.0,50813.0081,0.03841513092082871
2021-03-04 00:00:00+00:00,51775.0,50346.0,47468.0,2698319781.0,48333.0,49382.71599999999,-0.03998331545703726
2021-03-05 00:00:00+00:00,49461.0,48333.0,46266.0,2598617339.0,48768.5,47641.7342,0.009010406968323892
2021-03-06 00:00:00+00:00,49225.5,48768.5,47092.0,1420976714.0,48904.5,48262.5483,0.002788685319417228
2021-03-07 00:00:00+00:00,51500.0,48904.5,48904.5,1758722602.0,51027.0,50352.4673,0.04340091402631652
2021-03-08 00:00:00+00:00,52489.0,51027.0,49329.0,2172323549.0,52480.0,50787.2016,0.028475121014365
2021-03-09 00:00:00+00:00,54965.0,52480.0,52005.0,2256190115.0,54960.0,53966.5407,0.04725609756097571
2021-03-10 00:00:00+00:00,57477.0,54960.0,52978.0,3241934240.0,55975.5,55432.372500000005,0.0184770742358078
2021-03-11 00:00:00+00:00,58300.0,55975.5,54324.0,3219598123.0,57909.5,56338.0282,0.03455083027395922
2021-03-12 00:00:00+00:00,58167.0,57909.5,54850.5,3112750436.0,57315.0,56689.3424,-0.010266018528911514
2021-03-13 00:00:00+00:00,61900.0,57315.0,56135.0,2937102754.0,61280.5,59241.7062,0.0691878216871673
2021-03-14 00:00:00+00:00,61709.5,61280.5,59029.0,2275102384.0,59029.0,60350.0302,-0.036740888210768485
2021-03-15 00:00:00+00:00,60689.5,59029.0,54505.5,4265568113.0,55627.5,57175.5289,-0.0576242186044148
2021-03-16 00:00:00+00:00,57010.0,55627.5,53264.0,3150700340.0,57009.5,55126.7916,0.024843827243719474
2021-03-17 00:00:00+00:00,59095.0,57009.5,54156.5,2827159946.0,59015.5,56211.354699999996,0.035187117936484213
2021-03-18 00:00:00+00:00,60176.0,59015.5,57010.0,2601706666.0,57620.0,58548.009399999995,-0.023646330201387733
2021-03-19 00:00:00+00:00,59527.5,57620.0,56270.0,2521821493.0,58073.5,58241.1182,0.007870531065602204
2021-03-20 00:00:00+00:00,60019.5,58073.5,57883.5,2151097092.0,58146.5,58927.5192,0.001257027732098015
2021-03-21 00:00:00+00:00,58576.5,58146.5,55114.5,2363048374.0,57421.5,57045.0656,-0.012468506272948487
2021-03-22 00:00:00+00:00,58506.0,57421.5,53730.0,2718794935.0,54090.0,56497.1751,-0.05801833807894252
2021-03-23 00:00:00+00:00,55826.5,54090.0,53000.0,2547069006.0,54394.0,54555.3737,0.005620262525420694
2021-03-24 00:00:00+00:00,57247.0,54394.0,51750.0,3572267643.0,52244.5,54674.6856,-0.039517226164650476
2021-03-25 00:00:00+00:00,53225.5,52244.5,50475.5,3542906196.0,51321.5,51894.136,-0.017666931447329337
2021-03-26 00:00:00+00:00,55118.0,51321.5,51272.5,2237949211.0,55081.5,53248.1363,0.07326364194343493
2021-03-27 00:00:00+00:00,56682.5,55081.5,54010.0,2174736146.0,55869.5,55248.6188,0.014306073727113455
2021-03-28 00:00:00+00:00,56580.0,55869.5,54750.0,1875741971.0,55788.5,55803.5714,-0.0014498071398526546
2021-03-29 00:00:00+00:00,58490.0,55788.5,54965.5,2672316336.0,57680.5,57110.2227,0.03391379943895245
2021-03-30 00:00:00+00:00,59449.0,57680.5,57093.5,2020805220.0,58812.0,58479.5322,0.019616681547490078
2021-03-31 00:00:00+00:00,59950.0,58812.0,56899.0,3278943503.0,58876.0,58685.44599999999,0.0010882132898049068
2021-04-01 00:00:00+00:00,59518.5,58876.0,57960.5,2390606354.0,58806.0,58892.81510000001,-0.001188939465996297
2021-04-02 00:00:00+00:00,60347.0,58806.0,58454.0,2522337435.0,59020.0,59417.70649999999,0.0036390844471652084
2021-04-03 00:00:00+00:00,59906.0,59020.0,56953.5,3021092146.0,57126.5,58754.4066,-0.032082344967807486
2021-04-04 00:00:00+00:00,58586.0,57126.5,56500.0,2226550312.0,58258.0,57570.5239,0.019806919730772865
2021-04-05 00:00:00+00:00,59359.0,58258.0,56824.5,2366766276.0,59330.0,58207.2177,0.01840090631329594
2021-04-06 00:00:00+00:00,59612.0,59330.0,57471.5,2654892714.0,58064.0,58479.53220000001,-0.021338277431316333
2021-04-07 00:00:00+00:00,58686.0,58064.0,55500.0,4110510476.0,55937.5,56980.057,-0.03662338109672081
2021-04-08 00:00:00+00:00,58208.5,55937.5,55673.5,1979195607.0,58149.0,57240.9845,0.03953519553072615
2021-04-09 00:00:00+00:00,58945.0,58149.0,57746.5,1743769860.0,58123.0,58309.0379,-0.00044712720769057857
2021-04-10 00:00:00+00:00,61709.5,58123.0,57920.5,3161999211.0,59790.5,60096.1538,0.028689159196875647
2021-04-11 00:00:00+00:00,60698.5,59790.5,59259.5,1836674222.0,60076.0,59880.2395,0.004775006062835985
2021-04-12 00:00:00+00:00,61424.0,60076.0,59437.0,2094184244.0,59880.5,60240.9639,-0.0032542113323124067
2021-04-13 00:00:00+00:00,63834.0,59880.5,59825.0,3277602024.0,63674.0,62383.0318,0.06335117442239135
2021-04-14 00:00:00+00:00,65000.0,63674.0,61355.5,4814818199.0,63071.5,63492.0635,-0.009462260891415664
2021-04-15 00:00:00+00:00,63953.0,63071.5,62131.0,2274300829.0,63323.5,62972.2922,0.0039954654637990306
2021-04-16 00:00:00+00:00,63593.5,63323.5,60010.5,3769448703.0,61470.0,61462.81500000001,-0.0292703340781858
2021-04-17 00:00:00+00:00,62598.0,61470.0,59673.0,2251302821.0,60114.5,61124.6944,-0.022051407190499472
2021-04-18 00:00:00+00:00,60426.0,60114.5,50876.0,6233793396.0,56258.5,55617.3526,-0.06414425804090529
2021-04-19 00:00:00+00:00,57553.0,56258.5,54376.0,2942867155.0,55705.5,56085.2496,-0.009829625745442883
2021-04-20 00:00:00+00:00,57127.0,55705.5,53405.0,3047480036.0,56513.5,55218.11149999999,0.014504851406055064
2021-04-21 00:00:00+00:00,56802.5,56513.5,53668.0,2488150458.0,53828.5,55309.7345,-0.04751077176249918
2021-04-22 00:00:00+00:00,55500.0,53828.5,50549.0,4040375940.0,51719.5,53361.793,-0.03917998829616276
2021-04-23 00:00:00+00:00,52124.5,51719.5,47530.5,4442442449.0,51137.5,49578.5821,-0.011253009019808746
2021-04-24 00:00:00+00:00,51164.0,51137.5,48744.5,1795370866.0,50120.0,49925.1123,-0.019897335614764144
2021-04-25 00:00:00+00:00,50620.5,50120.0,47010.0,1730240840.0,49080.0,49261.0837,-0.020750199521149204
2021-04-26 00:00:00+00:00,54363.5,49080.0,48812.0,2542435856.0,54025.0,52659.2944,0.10075387123064394
2021-04-27 00:00:00+00:00,55487.5,54025.0,53290.5,1437594700.0,55050.5,54644.8087,0.018981952799629775
2021-04-28 00:00:00+00:00,56494.0,55050.5,53893.5,1803734583.0,54869.5,54824.5614,-0.00328789020989817
2021-04-29 00:00:00+00:00,55202.5,54869.5,52381.0,1701448071.0,53524.0,53821.3132,-0.02452181995461955
2021-04-30 00:00:00+00:00,57966.5,53524.0,53064.0,1841533132.0,57748.5,55586.4369,0.07892721022345106
2021-05-01 00:00:00+00:00,58500.0,57748.5,57112.0,1163014621.0,57874.5,57870.3704,0.0021818748538922073
2021-05-02 00:00:00+00:00,57980.0,57874.5,56095.0,1154243253.0,56641.5,56818.1818,-0.021304719695202534
2021-05-03 00:00:00+00:00,59032.5,56641.5,56507.0,1780150713.0,57191.5,57937.42760000001,0.009710194821817897
2021-05-04 00:00:00+00:00,57206.0,57191.5,53064.5,2613189229.0,53262.5,55157.198000000004,-0.06869901995925964
2021-05-05 00:00:00+00:00,57921.0,53262.5,52857.0,2314871489.0,57553.5,55959.709,0.08056324806383475
2021-05-06 00:00:00+00:00,58428.5,57553.5,55342.0,1971567485.0,56417.0,56947.6082,-0.019746844240576156
2021-05-07 00:00:00+00:00,58781.5,56417.0,55313.0,1834221346.0,57422.0,56980.057,0.017813779534537444
2021-05-08 00:00:00+00:00,59646.0,57422.0,57036.0,1933519416.0,59000.0,58651.0264,0.02748075650447568
2021-05-09 00:00:00+00:00,59341.5,59000.0,56350.0,1952362620.0,58299.5,57937.4276,-0.01187288135593223
2021-05-10 00:00:00+00:00,59806.0,58299.5,53849.0,3272957761.0,55912.5,57175.5289,-0.04094374737347661
2021-05-11 00:00:00+00:00,56900.0,55912.5,54502.0,2021067271.0,56764.0,55710.3064,0.015229152693941428
2021-05-12 00:00:00+00:00,58036.5,56764.0,48520.0,3567563624.0,49493.0,54200.542,-0.12809174829117043
2021-05-13 00:00:00+00:00,51344.5,49493.0,44632.5,4764678017.0,49700.0,49212.5984,0.0041824096336855465
2021-05-14 00:00:00+00:00,51533.5,49700.0,48887.5,1541974906.0,49888.0,50125.3133,0.0037826961770623946
2021-05-15 00:00:00+00:00,50671.5,49888.0,46563.5,2319470758.0,46757.0,48567.2657,-0.06276058370750481
2021-05-16 00:00:00+00:00,49788.5,46757.0,43868.0,3209427626.0,46436.0,46838.4075,-0.006865282203734169
2021-05-17 00:00:00+00:00,46653.0,46436.0,42134.0,4181106482.0,43582.0,44014.0845,-0.061460935481092216
2021-05-18 00:00:00+00:00,45798.5,43582.0,42250.0,2717396004.0,42854.5,43898.1563,-0.01669267128631091
2021-05-19 00:00:00+00:00,43596.0,42854.5,28157.0,8625864433.0,36811.0,37678.9751,-0.14102369646128177
2021-05-20 00:00:00+00:00,42444.0,36811.0,34873.0,3453752671.0,40620.5,39447.7318,0.10348808779984253
2021-05-21 00:00:00+00:00,42327.0,40620.5,33460.0,3346306092.0,37301.0,38387.7159,-0.0817198212725102
2021-05-22 00:00:00+00:00,38885.0,37301.0,35244.0,1880503309.0,37446.5,37439.1614,0.003900699713144329
2021-05-23 00:00:00+00:00,38270.5,37446.5,31100.0,2882564071.0,34711.0,34223.1348,-0.07305088593059428
2021-05-24 00:00:00+00:00,39920.0,34711.0,34453.0,1991029675.0,38842.5,37299.515100000004,0.1190256690962519
2021-05-25 00:00:00+00:00,39810.0,38842.5,36511.0,2038678353.0,38379.5,37979.4911,-0.011919933063010868
2021-05-26 00:00:00+00:00,40891.5,38379.5,37784.0,1892793740.0,39254.5,39292.7308,0.02279862947667377
2021-05-27 00:00:00+00:00,40444.0,39254.5,37143.5,1631304226.0,38513.0,38850.0389,-0.018889554063865277
2021-05-28 00:00:00+00:00,38952.0,38513.0,34710.5,2399527182.0,35689.5,36456.4346,-0.07331290732999252
2021-05-29 00:00:00+00:00,37348.5,35689.5,33650.0,1876207814.0,34587.0,35186.4884,-0.030891438658428916
2021-05-30 00:00:00+00:00,36549.0,34587.0,33390.5,1119093889.0,35670.0,35360.6789,0.031312342787752634
2021-05-31 00:00:00+00:00,37488.5,35670.0,34168.5,1631293307.0,37265.0,36153.2899,0.04471544715447151
2021-06-01 00:00:00+00:00,,,,,,,
